unit_id,speaker,time,korean_text,english_text,top_signed_support,top_signed_constraint,projection_method,x,y,cluster_id
row004_claim01,정의당,00:50,"네, 국민 여러분 지역 소멸은 이제 대한민국의 존립 기반을 위협받고 있습니다.","Yes, fellow citizens, regional extinction is now threatening the very foundation of the Republic of Korea’s existence.",Face:-0.000; Humility:-0.000; Conformity: rules:-0.000; Conformity: interpersonal:-0.000; Self-direction: thought:-0.000,Security: societal:0.717; Universalism: nature:0.291; Security: personal:0.003; Universalism: concern:0.003; Tradition:0.002,pca,-0.23340585267133016,0.3154205719141657,0
row004_claim02,정의당,00:50,"정부는 초강력 행정통합을 해답으로 내놓고 있지만 우리는 본질적인 질문을 던져야 합니다.
행정구역만 합친다고 지방이 정말 잘 살 만한 곳으로 바뀔까요?","The government is presenting super-strong administrative consolidation as the answer, but we must ask the fundamental question.
Will simply combining administrative districts really turn local areas into places where people can prosper?",Security: societal:0.604; Power: resources:0.098; Achievement:0.093; Stimulation:0.068; Universalism: concern:0.005,Conformity: interpersonal:-0.000; Universalism: nature:-0.000; Humility:-0.000; Universalism: tolerance:-0.000; Hedonism:-0.000,pca,0.0572580308610391,-0.2608412426368842,1
row004_claim03,정의당,00:50,지방을 살리기 위해서는 다음의 조건이 필수적입니다.,"To revitalize local areas, the following conditions are essential.",Stimulation:0.613; Security: societal:0.123; Self-direction: action:0.049; Benevolence: caring:0.014; Self-direction: thought:0.012,Humility:-0.000; Face:-0.000; Security: personal:-0.000; Power: dominance:-0.000; Universalism: tolerance:-0.000,pca,-0.1481385760888481,-0.2344333048668976,1
row004_claim04,정의당,00:50,"첫째, 국가가 지역 간 격차를 줄이는 컨트롤타워 역할을 끝까지 수행해야 합니다.
단순히 합치는 것이 아니라 균형을 맞추는 것이 핵심입니다.","First, the state must carry through to the end its role as the control tower for reducing disparities between regions.  
The key is not simply to merge them, but to achieve balance.",Universalism: concern:0.775; Universalism: tolerance:0.063; Power: dominance:0.046; Security: societal:0.025; Self-direction: action:0.010,Security: personal:-0.000; Hedonism:-0.000; Universalism: nature:-0.000; Humility:-0.000; Benevolence: caring:-0.001,pca,0.6616022376018817,-0.14753490106146636,1
row004_claim05,정의당,00:50,"둘째, 지역의 부가 수도권으로 유출되는 구조를 바꿔야 합니다.
지역 본사제를 도입하고 지역 공공은행을 설립하여 지역 순환 경제를 만들어 내야 합니다.","Second, we must change the structure in which the region’s added value flows out to the capital region.  
We should introduce a regional headquarters system and establish regional public banks to create a regional circular economy.",Power: resources:0.019; Stimulation:0.010; Self-direction: action:0.008; Security: societal:0.002; Conformity: rules:0.002,Humility:-0.000; Universalism: tolerance:-0.000; Hedonism:-0.000; Face:-0.000; Security: personal:-0.000,pca,-0.05050996775404762,0.0223307324454318,1
row004_claim06,정의당,00:50,"셋째, 실질적 자치를 뒷받침하는 연방제 수준의 재정 입법권 이양과 읍면동 단위까지 주민 결정권을 보장하는 헌법 개정이 반드시 필요합니다.","Third, a constitutional amendment is absolutely necessary that transfers fiscal and legislative powers at a federal level, which support substantive autonomy, and that guarantees residents’ decision-making rights down to the eup, myeon, and dong unit.",Self-direction: action:0.824; Conformity: rules:0.075; Power: dominance:0.044; Self-direction: thought:0.024; Universalism: concern:0.011,Face:-0.000; Humility:-0.000; Hedonism:-0.000; Achievement:-0.000; Universalism: nature:-0.001,pca,0.09660315570050532,0.5559882037132517,3
row004_claim07,정의당,00:50,"넷째, 분권이 규제 완화 경쟁으로 변질되어서는 안 됩니다.
노동권과 환경권, 의료, 공공성 같은 국민의 기본권은 전국 어디서나 차별 없이 균등하게 보장되어야 합니다.","Fourth, decentralization must not be turned into a competition for deregulation.
Basic rights of the people, such as labor rights, environmental rights, medical care, and publicness, must be equally guaranteed without discrimination anywhere in the country.",Universalism: concern:0.850; Self-direction: action:0.058; Conformity: rules:0.039; Power: dominance:0.008; Security: societal:0.005,Face:-0.000; Hedonism:-0.000; Humility:-0.000; Tradition:-0.000; Conformity: interpersonal:-0.001,pca,0.7289502634191628,-0.12282082947912958,1
row005_claim01,정의당,02:03,"마지막으로 모든 통합 과정은 주민 투표를 통한 민주적 수기 절차를 반드시 거쳐야 합니다.
지금 진행되고 있는 행정통합은 사실상 지역의 민주주의를 위배하고 있는 것입니다.","Lastly, all integration processes must necessarily go through a democratic manual procedure through a residents’ referendum.
The administrative integration now underway is, in fact, violating local democracy.",Power: resources:-0.000; Universalism: nature:-0.000; Hedonism:-0.000; Humility:-0.000; Face:-0.000,Conformity: rules:0.230; Universalism: concern:0.114; Conformity: interpersonal:0.002; Tradition:0.001; Universalism: tolerance:0.001,pca,-0.16760335283885955,0.04180074775730969,1
row007_claim01,민주당,02:25,이재명 정부와 더불어민주당은 수도권 중심 성장이 아닌 지방 주도 성장으로 대한민국의 재도약을 이끌어 나가겠습니다.,"The Lee Jae-myung government and the Democratic Party of Korea will lead South Korea’s leap forward through growth driven by the regions, not growth centered on the Seoul metropolitan area.",Self-direction: action:0.045; Achievement:0.040; Power: dominance:0.007; Stimulation:0.003; Power: resources:0.002,Universalism: concern:-0.000; Security: personal:-0.000; Conformity: interpersonal:-0.000; Benevolence: caring:-0.000; Conformity: rules:-0.000,pca,-0.04272349436646714,0.04985042400771734,1
row007_claim02,민주당,02:25,변화는 이미 시작되었습니다. 말만 있던 어 해수부의 부산 이전을 지난해 이미 완료했습니다.,"The change has already begun. We already completed last year the relocation of the Ministry of Oceans and Fisheries to Busan, which had only been talked about.",Stimulation:0.925; Universalism: nature:0.017; Security: societal:0.011; Power: resources:0.009; Self-direction: action:0.008,Security: personal:-0.001; Universalism: tolerance:-0.001; Benevolence: dependability:-0.001; Humility:-0.001; Tradition:-0.001,pca,-0.25156218456786045,-0.3519501290066146,1
row007_claim03,민주당,02:25,"또한 부산, 강원, 전북 제주 특별법 등 지방 주도 성장을 선도할 법안들이 아 곧 국회 통과를 앞두고 있습니다.","In addition, bills that will lead region-led growth, such as the special acts for Busan, Gangwon, Jeonbuk, and Jeju, are soon on the verge of passing the National Assembly.",Power: resources:0.901; Security: societal:0.086; Self-direction: action:0.019; Stimulation:0.008; Self-direction: thought:0.004,Humility:-0.000; Tradition:-0.000; Benevolence: dependability:-0.000; Hedonism:-0.000; Universalism: tolerance:-0.000,pca,-0.1843977181920737,-0.3983132661579467,1
row007_claim04,민주당,02:25,지방에 실질적인 성장 동력을 불어넣기 위해 5급 3특 체제로의 행정통합도 추진되고 있습니다.,"Administrative consolidation into a 5th-grade, 3-special-case system is also being 추진ed in order to inject substantive growth momentum into the regions.",Power: resources:0.331; Achievement:0.317; Power: dominance:0.029; Self-direction: action:0.003; Security: societal:0.001,Benevolence: caring:-0.000; Hedonism:-0.000; Universalism: tolerance:-0.000; Tradition:-0.000; Universalism: concern:-0.000,pca,-0.1232795482393998,-0.17868747524030962,1
row007_claim05,민주당,02:25,지난 3월 전남 광주 통합법이 처리되었고 오는 6월 단체장이 선출될 예정입니다.,"Last March, the integrated law for Gwangju in Jeollanam-do was processed, and the head of the local government is scheduled to be elected this coming June.",Conformity: rules:0.008; Universalism: concern:0.001; Self-direction: action:0.000; Power: dominance:0.000; Security: societal:0.000,Humility:-0.000; Hedonism:-0.000; Benevolence: dependability:-0.000; Universalism: nature:-0.000; Tradition:-0.000,pca,-0.045467593133879804,0.03140442182475476,1
row007_claim06,민주당,02:25,"통합 특별시에는 4년간 총 20조 원의 재정 지원, 투자, 환경 보증, 광역 교통 투자 등 집중 지원이 이루어질 것입니다.","The integrated special city will receive concentrated support over four years, including a total of 20 trillion won in fiscal assistance, investment, environmental guarantees, and broad-area transportation investment.",Power: resources:0.845; Achievement:0.156; Stimulation:0.059; Universalism: nature:0.035; Benevolence: caring:0.008,Conformity: rules:-0.000; Universalism: tolerance:-0.000; Security: personal:-0.000; Tradition:-0.000; Conformity: interpersonal:-0.001,pca,-0.21712897431689523,-0.4079185666155143,1
row008_claim01,민주당,03:33,또한 이 모든 과정을 통합 특별시가 정책을 결정하고 집행할 수 있도록 법적 행정적 위상을 보장할 것입니다.,"In addition, it will ensure the legal and administrative status so that the integrated special city can decide and implement all these processes.",Conformity: rules:0.469; Self-direction: action:0.372; Power: dominance:0.081; Universalism: concern:0.009; Power: resources:0.003,Hedonism:-0.000; Humility:-0.000; Universalism: nature:-0.000; Face:-0.000; Security: personal:-0.000,pca,0.06332940848087432,0.29314082544911624,3
row008_claim02,민주당,03:33,"이재명 정부는 합니다. 출범 7개월 만에 코스피 5천 원 시대를 열었고, 그 실력 그대로 지방 주도 성장을 완성해 나가겠습니다.","The Lee Jae-myung government will do it. Within seven months of its inauguration, it opened the KOSPI 5,000 era, and with that same capability, it will go on to complete region-led growth.",Achievement:0.958; Self-direction: action:0.040; Power: resources:0.026; Stimulation:0.012; Power: dominance:0.004,Security: personal:-0.000; Conformity: rules:-0.000; Security: societal:-0.000; Conformity: interpersonal:-0.000; Universalism: tolerance:-0.001,pca,-0.11408411932468018,-0.14506904937448856,1
row008_claim03,민주당,03:33,전국 어디서나 다 잘 살 수 있는 민주당과 이재명 정부가 책임지고 해 나가겠습니다.,The Democratic Party and the Lee Jae-myung government will take responsibility and carry this out so that people can live well anywhere in the country.,Universalism: concern:0.929; Security: societal:0.153; Power: dominance:0.076; Conformity: rules:0.033; Benevolence: dependability:0.025,Universalism: nature:-0.000; Hedonism:-0.000; Humility:-0.001; Tradition:-0.001; Stimulation:-0.001,pca,0.8370701819585733,-0.2167680138868903,1
row010_claim01,개혁신당,04:01,아 선거철이 돌아올 때마다 지도 위의 선이 다시 그려집니다.,"Ah, every time election season comes around, the lines on the map are drawn again.",Power: dominance:0.006; Security: societal:0.002; Achievement:0.002; Stimulation:0.002; Power: resources:0.001,Security: personal:-0.000; Conformity: interpersonal:-0.000; Benevolence: caring:-0.000; Universalism: tolerance:-0.000; Humility:-0.000,pca,-0.0458724757031721,0.029121619033102224,1
row010_claim02,개혁신당,04:01,"목련이 피는 봄이 오면 김포는 서울이 된다던 그 약속 기억하십니까?
봄도 왔고 목련도 피웠습니다. 그러나 그 약속은 선고와 함께 사라졌습니다.","Do you remember that promise that when spring, when the magnolias bloomed, Gimpo would become Seoul?
Spring has come, and the magnolias have bloomed. However, that promise disappeared along with the ruling.",Self-direction: thought:0.000; Universalism: tolerance:-0.000; Self-direction: action:-0.000; Security: personal:-0.001; Power: dominance:-0.001,Stimulation:0.056; Benevolence: caring:0.053; Benevolence: dependability:0.048; Conformity: rules:0.048; Achievement:0.035,pca,-0.03814896141483864,0.05914283562192039,1
row010_claim03,개혁신당,04:01,이번 민주당의 행정구역 개편도 다르지 않습니다.,This Democratic Party’s administrative district reorganization is no different.,Universalism: concern:0.000; Security: societal:0.000; Self-direction: action:0.000; Achievement:0.000; Conformity: rules:0.000,Hedonism:-0.000; Face:-0.000; Humility:-0.000; Security: personal:-0.000; Tradition:-0.000,pca,-0.04669932771826957,0.0308759034841277,1
row010_claim04,개혁신당,04:01,"모두에게 특별이라는 타이틀은 붙였지만 결국 아무도 특별해지지 않았습니다.
행정 혼란만 가중했을 뿐 어떤 정책 철학도 시민이 체감할 실익도 없습니다.","Although everyone was given the title of “special,” in the end no one became special.
It only increased administrative confusion, and there is neither any policy philosophy nor any tangible benefit that citizens can feel.",Tradition:-0.000; Universalism: nature:-0.000; Self-direction: action:-0.000; Security: societal:-0.000; Hedonism:-0.000,Universalism: concern:0.082; Universalism: tolerance:0.035; Achievement:0.022; Conformity: interpersonal:0.007; Benevolence: caring:0.006,pca,-0.11898319229210141,0.055701378379606425,1
row010_claim05,개혁신당,04:01,더 근본적인 문제를 직시해야 합니다. 서울의 기능을 옥죄고 강제로 이전하면 지방이 살아난다는 환상 이것을 끝내야 합니다.,"We need to confront the more fundamental problem. We must end the illusion that if we strangle Seoul’s functions and forcibly relocate them, the provinces will come back to life.",Self-direction: action:0.712; Security: societal:0.151; Stimulation:0.021; Conformity: rules:0.012; Self-direction: thought:0.005,Humility:-0.000; Face:-0.000; Universalism: nature:-0.000; Universalism: tolerance:-0.000; Hedonism:-0.001,pca,0.08976535990282516,0.4226882341102701,3
row010_claim06,개혁신당,04:01,"지금 혁신도시들이 어떻습니까? 지방에는 반쪽짜리 도시만 생겼고 서울은 성장 동력만 잃었습니다.
지역 균형 발전이라는 이름으로 국가 전체가 하향 평준화된 것입니다.","What are innovation cities like now? In the provinces, only half-finished cities have been created, and Seoul has lost only its growth engine. Under the name of balanced regional development, the entire country has been leveled downward.",Security: personal:-0.000; Tradition:-0.000; Conformity: interpersonal:-0.000; Universalism: tolerance:-0.000; Hedonism:-0.000,Power: resources:0.533; Achievement:0.387; Stimulation:0.110; Self-direction: action:0.015; Power: dominance:0.013,pca,0.08708539391902763,0.38665991715845927,1
row011_claim01,개혁신당,04:54,"서울은 대한민국 경제의 심장으로서 제 기능을 다하게 하고 동시에 전국 각 지역이 고유한 산업 생태계로 자립하는 구조를 만드는 것, 그리고 행정구역의 선을 바꾸는 것이 아니라 산업과 재정의 구조를 바꾸는 것 이것이 진정한 균형 발전의 정책입니다.","Making Seoul function fully as the heart of the Republic of Korea’s economy, and at the same time creating a structure in which each region across the country becomes self-reliant as its own unique industrial ecosystem, and changing the structure of industry and finance rather than changing the lines of administrative districts—this is the policy of true balanced development.",Self-direction: action:0.455; Power: resources:0.436; Stimulation:0.329; Self-direction: thought:0.323; Universalism: concern:0.093,Security: personal:-0.004; Face:-0.004; Hedonism:-0.005; Humility:-0.006; Power: dominance:-0.008,pca,-0.019597388915504537,-0.054604014044150245,3
row011_claim02,개혁신당,04:54,"지도를 다시 다시 그리는 것, 이것은 정치입니다.
그러나 삶을 다시 설계하는 것 그것이 정책입니다.
개혁신당은 정치가 아닌 정책으로 이 나라의 미래를 말하도록 하겠습니다.","Redrawing the map again and again, this is politics.  
But redesigning life—that is policy.  
The New Reform Party will speak about this country’s future through policy, not politics.",Stimulation:0.454; Self-direction: action:0.094; Self-direction: thought:0.021; Achievement:0.010; Power: dominance:0.005,Benevolence: caring:-0.000; Security: personal:-0.000; Benevolence: dependability:-0.000; Universalism: tolerance:-0.000; Conformity: interpersonal:-0.001,pca,-0.13510737129296596,-0.09560484153415572,1
row013_claim01,국민의힘,05:30,"국가 균형 발전을 위한 지방자치 제도가 시작된 지가 30년이 지났습니다.
그러나 수도권 일극 체제는 고착되고 불평등과 불균형은 더욱 심화되고 있습니다.
지방 정부에 대한 실질적인 권한 이용이 없었기 때문입니다.
지방자치가 제대로 작동하여 경쟁력을 갖추려면 중앙 정부의 행정 재정 조세 인허가 권한을 지방 정부에 과감하게 이행해야 합니다.","It has been 30 years since the local autonomy system for balanced national development began.  
However, the one-pole system centered on the Seoul metropolitan area has become entrenched, and inequality and imbalance are deepening further.  
This is because there has been no substantial delegation of authority to local governments.  
For local autonomy to function properly and become competitive, the central government's administrative, fiscal, tax, and licensing-permit authorities must be boldly transferred to local governments.",Hedonism:-0.002; Humility:-0.002; Universalism: nature:-0.003; Security: personal:-0.006; Power: resources:-0.007,Universalism: concern:0.577; Power: dominance:0.393; Self-direction: action:0.161; Security: societal:0.109; Conformity: rules:0.094,pca,-0.6692890464457443,0.102881868640437,2
row013_claim02,국민의힘,05:30,"그런데 지난 1월 16일 김민석 총리가 발표한 행정통합 방안을 보면 실망스럽습니다.
차관급 4명과 1급 보직 연간 5조 원 규모의 재정 지원, 공공기관 이전과 같은 유인책만 제시하며 행정 조세 인허가 등 조항 권한 이양에 대한 핵심은 빠져 있습니다.
이런 통합은 재정 지원 중심 정책에 머물 수밖에 없습니다.","However, if you look at the administrative integration plan announced by Prime Minister Kim Min-seok on January 16, it is disappointing.  
It only presents incentives such as four vice-minister-level positions, 1st-grade posts, 5 trillion won in annual financial support, and relocation of public institutions, while leaving out the core issue of transferring authority over provisions such as administration, taxation, and permits.  
Such integration can only remain a policy centered on financial support.",Power: resources:0.255; Stimulation:0.064; Power: dominance:0.037; Benevolence: caring:0.030; Benevolence: dependability:0.018,Universalism: concern:0.001; Face:0.000; Universalism: tolerance:0.000; Tradition:-0.000; Security: personal:-0.000,pca,-0.10057633438785915,-0.10736369949884213,1
row013_claim03,국민의힘,05:30,"특히 선거를 앞둔 시점에서 추진되어 국민들은 포퓰리즘 정책이라고 의구심을 가질 수밖에 없습니다.
지방분권을 통한 지역 통합은 국가의 백년지대계입니다.
그래서 우리 국민의힘 입장은 명확합니다. 행정통합하려면 제대로 해야 합니다.","Especially at a time approaching an election, the public cannot help but suspect that it is a populist policy.
Regional integration through decentralization is a hundred-year national plan.
So our People Power Party’s position is clear. If administrative integration is to be carried out, it must be done properly.",Self-direction: thought:0.182; Universalism: tolerance:0.049; Universalism: concern:0.045; Conformity: interpersonal:0.030; Face:0.018,Universalism: nature:-0.000; Achievement:-0.000; Power: resources:-0.000; Security: personal:-0.000; Hedonism:-0.001,pca,0.00036976477751909215,0.028207544514152937,1
row014_claim01,국민의힘,06:43,"먼저 중앙정부가 지방 정부의 협의체를 구성해 권한 이양 범위를 명확히 해야 합니다.
이후 법제화 단계에서 충분한 의견 수렴 절차를 통해 지역의 현실을 반영하고 국민 공감대를 넓혀야 합니다.","First, the central government should form a consultative body with local governments to clearly define the scope of authority transfer.  
After that, at the stage of legislation, sufficient opinion-gathering procedures should be used to reflect local realities and broaden public consensus.",Benevolence: dependability:0.387; Conformity: interpersonal:0.170; Power: dominance:0.080; Self-direction: thought:0.055; Self-direction: action:0.020,Achievement:-0.000; Security: personal:-0.000; Hedonism:-0.000; Universalism: nature:-0.000; Tradition:-0.001,pca,-0.018643458792155315,0.03640571119672487,1
row016_claim01,조국혁신당,07:06,주거 혁신의 제7공화국 비전에는 지역 균형 발전이 포함돼 있습니다.,The vision of the 7th Republic for housing innovation includes balanced regional development.,Stimulation:0.928; Universalism: concern:0.029; Security: societal:0.027; Self-direction: thought:0.018; Self-direction: action:0.013,Security: personal:-0.000; Conformity: interpersonal:-0.000; Face:-0.001; Humility:-0.001; Conformity: rules:-0.001,pca,-0.22590439546477825,-0.3599874541518257,1
row016_claim02,조국혁신당,07:06,시대에 뒤떨어진 중앙집권적 개발 국가 체제를 극복하고 분권과 자치를 폭넓게 실현하는 자치분권 공화국이 바로 제7공화국입니다.,A self-governing decentralized republic that overcomes the outdated centralized developmental state system and broadly realizes decentralization and autonomy is the Seventh Republic.,Self-direction: action:0.775; Self-direction: thought:0.224; Stimulation:0.081; Tradition:0.019; Security: societal:0.012,Face:-0.000; Humility:-0.001; Achievement:-0.001; Power: resources:-0.001; Benevolence: dependability:-0.001,pca,0.06507540415464243,0.4924643433106019,3
row016_claim03,조국혁신당,07:06,지역 균형 발전을 위한 방안도 여러 차례 밝혔습니다.,I have also stated on multiple occasions measures for balanced regional development.,Security: societal:0.145; Self-direction: action:0.110; Universalism: concern:0.079; Self-direction: thought:0.023; Stimulation:0.011,Face:-0.000; Humility:-0.000; Security: personal:-0.000; Hedonism:-0.000; Tradition:-0.000,pca,0.07162139896310946,0.029711750936537672,1
row016_claim04,조국혁신당,07:06,강릉에서는 국가 균형 발전과 지방 소멸 위기 극복을 위한 균형 발전 특별회계의 정부 지원액을 현실에 맞게 대폭 늘릴 것을 제안했습니다.,"In Gangneung, it was proposed to drastically increase the government’s support amount for the Special Account for Balanced Development, in line with reality, in order to achieve balanced national development and overcome the crisis of regional extinction.",Security: societal:0.890; Universalism: nature:0.591; Power: resources:0.027; Universalism: concern:0.026; Self-direction: action:0.015,Face:-0.000; Humility:-0.000; Hedonism:-0.001; Security: personal:-0.001; Conformity: interpersonal:-0.001,pca,0.21819616683510065,-0.3666085104404393,1
row016_claim05,조국혁신당,07:06,"22대 개헌 이후에는 곧바로 국회와 대통령실을 세종특별자치시로 완전 이전하는 행정수도 건설을 위한 특별법을 당론 발의했으며, 서울에 있을 아무런 이유가 없는 대법원과 그 부속기관을 대구 등 지방으로 이전하는 법안도 발의했습니다.","After the 22nd constitutional amendment, we immediately introduced as a party line a special law for building an administrative capital that would completely relocate the National Assembly and the Presidential Office to Sejong Special Self-Governing City, and we also introduced a bill to relocate the Supreme Court and its affiliated institutions, which have no reason whatsoever to remain in Seoul, to Daegu and other regions.",Self-direction: action:0.368; Power: dominance:0.271; Power: resources:0.124; Stimulation:0.052; Conformity: rules:0.024,Humility:-0.000; Benevolence: dependability:-0.001; Universalism: tolerance:-0.001; Benevolence: caring:-0.001; Security: personal:-0.001,pca,0.01815925733694436,0.18720480574040665,3
row016_claim06,조국혁신당,07:06,"수도권으로의 청년층 순 이동의 흐름을 보면 최근 20년간 수도권으로 순유입이 지속되었고 그 이유는 직업과 교육, 주거 환경 때문이라고 합니다.","Looking at the net migration flow of young people into the metropolitan area, net inflow into the metropolitan area has continued over the past 20 years, and the reason is said to be jobs, education, and the housing environment.",Security: societal:0.139; Power: resources:0.042; Achievement:0.012; Universalism: concern:0.005; Self-direction: action:0.001,Hedonism:-0.000; Humility:-0.000; Benevolence: dependability:-0.000; Face:-0.000; Conformity: rules:-0.000,pca,-0.018510322493062028,-0.03758566714796745,1
row017_claim01,조국혁신당,08:08,"향후 지속될 수도권의 집중 현상을 반전시키기 위해서는 비수도권에도 직업과 교육, 주거 환경을 발전시켜야 합니다.","To reverse the concentration phenomenon in the capital region that may continue in the future, job opportunities, education, and housing conditions must also be developed in the non-capital regions.",Stimulation:0.224; Self-direction: action:0.218; Power: resources:0.139; Benevolence: caring:0.072; Universalism: concern:0.054,Humility:-0.000; Face:-0.000; Universalism: tolerance:-0.000; Tradition:-0.001; Hedonism:-0.001,pca,-0.03335394849965936,-0.010647150214545436,1
row017_claim02,조국혁신당,08:08,"한편 지역균형 발전과 반드시 함께 가야 하는 것이 있습니다.
바로 정치 개혁입니다.","Meanwhile, there is something that must go together with balanced regional development.
That is political reform.",Stimulation:0.361; Universalism: concern:0.123; Self-direction: action:0.097; Security: societal:0.048; Conformity: rules:0.042,Security: personal:-0.000; Humility:-0.000; Face:-0.000; Hedonism:-0.000; Universalism: nature:-0.000,pca,0.009946918870341043,-0.09447736681786346,1
row017_claim03,조국혁신당,08:08,현재 개혁진보 4당은 국회 본청 앞에서 천막 농성을 하고 있으며 어제는 간절한 마음으로 담아 3부 1배까지 하겠습니다.,"The four reform-progressive parties are currently holding a tent sit-in in front of the National Assembly main building, and yesterday, with desperate hearts, we will even do the “three bows for one prostration.”",Self-direction: action:0.629; Tradition:0.069; Hedonism:0.021; Stimulation:0.020; Achievement:0.016,Universalism: nature:-0.000; Security: personal:-0.000; Power: resources:-0.000; Security: societal:-0.000; Power: dominance:-0.001,pca,0.04395466213290546,0.4202136429378374,3
row004_claim01,정의당,00:50,"네, 국민 여러분 지역 소멸은 이제 대한민국의 존립 기반을 위협받고 있습니다.","Yes, fellow citizens, regional extinction is now threatening the very foundation of the Republic of Korea’s existence.",Face:-0.000; Humility:-0.000; Conformity: rules:-0.000; Conformity: interpersonal:-0.000; Self-direction: thought:-0.000,Security: societal:0.717; Universalism: nature:0.291; Security: personal:0.003; Universalism: concern:0.003; Tradition:0.002,mds,-0.4756730869858579,0.6818518383152364,0
row004_claim02,정의당,00:50,"정부는 초강력 행정통합을 해답으로 내놓고 있지만 우리는 본질적인 질문을 던져야 합니다.
행정구역만 합친다고 지방이 정말 잘 살 만한 곳으로 바뀔까요?","The government is presenting super-strong administrative consolidation as the answer, but we must ask the fundamental question.
Will simply combining administrative districts really turn local areas into places where people can prosper?",Security: societal:0.604; Power: resources:0.098; Achievement:0.093; Stimulation:0.068; Universalism: concern:0.005,Conformity: interpersonal:-0.000; Universalism: nature:-0.000; Humility:-0.000; Universalism: tolerance:-0.000; Hedonism:-0.000,mds,-0.3198161520177568,-0.3968674111183563,1
row004_claim03,정의당,00:50,지방을 살리기 위해서는 다음의 조건이 필수적입니다.,"To revitalize local areas, the following conditions are essential.",Stimulation:0.613; Security: societal:0.123; Self-direction: action:0.049; Benevolence: caring:0.014; Self-direction: thought:0.012,Humility:-0.000; Face:-0.000; Security: personal:-0.000; Power: dominance:-0.000; Universalism: tolerance:-0.000,mds,0.3763775241261609,-0.31574257113064974,1
row004_claim04,정의당,00:50,"첫째, 국가가 지역 간 격차를 줄이는 컨트롤타워 역할을 끝까지 수행해야 합니다.
단순히 합치는 것이 아니라 균형을 맞추는 것이 핵심입니다.","First, the state must carry through to the end its role as the control tower for reducing disparities between regions.  
The key is not simply to merge them, but to achieve balance.",Universalism: concern:0.775; Universalism: tolerance:0.063; Power: dominance:0.046; Security: societal:0.025; Self-direction: action:0.010,Security: personal:-0.000; Hedonism:-0.000; Universalism: nature:-0.000; Humility:-0.000; Benevolence: caring:-0.001,mds,0.0005563445687496098,-0.7315146505051432,1
row004_claim05,정의당,00:50,"둘째, 지역의 부가 수도권으로 유출되는 구조를 바꿔야 합니다.
지역 본사제를 도입하고 지역 공공은행을 설립하여 지역 순환 경제를 만들어 내야 합니다.","Second, we must change the structure in which the region’s added value flows out to the capital region.  
We should introduce a regional headquarters system and establish regional public banks to create a regional circular economy.",Power: resources:0.019; Stimulation:0.010; Self-direction: action:0.008; Security: societal:0.002; Conformity: rules:0.002,Humility:-0.000; Universalism: tolerance:-0.000; Hedonism:-0.000; Face:-0.000; Security: personal:-0.000,mds,-0.09919684815977682,0.021875689134293656,1
row004_claim06,정의당,00:50,"셋째, 실질적 자치를 뒷받침하는 연방제 수준의 재정 입법권 이양과 읍면동 단위까지 주민 결정권을 보장하는 헌법 개정이 반드시 필요합니다.","Third, a constitutional amendment is absolutely necessary that transfers fiscal and legislative powers at a federal level, which support substantive autonomy, and that guarantees residents’ decision-making rights down to the eup, myeon, and dong unit.",Self-direction: action:0.824; Conformity: rules:0.075; Power: dominance:0.044; Self-direction: thought:0.024; Universalism: concern:0.011,Face:-0.000; Humility:-0.000; Hedonism:-0.000; Achievement:-0.000; Universalism: nature:-0.001,mds,0.645529319740248,0.34896564881266656,3
row004_claim07,정의당,00:50,"넷째, 분권이 규제 완화 경쟁으로 변질되어서는 안 됩니다.
노동권과 환경권, 의료, 공공성 같은 국민의 기본권은 전국 어디서나 차별 없이 균등하게 보장되어야 합니다.","Fourth, decentralization must not be turned into a competition for deregulation.
Basic rights of the people, such as labor rights, environmental rights, medical care, and publicness, must be equally guaranteed without discrimination anywhere in the country.",Universalism: concern:0.850; Self-direction: action:0.058; Conformity: rules:0.039; Power: dominance:0.008; Security: societal:0.005,Face:-0.000; Hedonism:-0.000; Humility:-0.000; Tradition:-0.000; Conformity: interpersonal:-0.001,mds,0.0392393703605902,-0.8034891699071067,1
row005_claim01,정의당,02:03,"마지막으로 모든 통합 과정은 주민 투표를 통한 민주적 수기 절차를 반드시 거쳐야 합니다.
지금 진행되고 있는 행정통합은 사실상 지역의 민주주의를 위배하고 있는 것입니다.","Lastly, all integration processes must necessarily go through a democratic manual procedure through a residents’ referendum.
The administrative integration now underway is, in fact, violating local democracy.",Power: resources:-0.000; Universalism: nature:-0.000; Hedonism:-0.000; Humility:-0.000; Face:-0.000,Conformity: rules:0.230; Universalism: concern:0.114; Conformity: interpersonal:0.002; Tradition:0.001; Universalism: tolerance:0.001,mds,-0.24982374105139105,0.12644864733532757,1
row007_claim01,민주당,02:25,이재명 정부와 더불어민주당은 수도권 중심 성장이 아닌 지방 주도 성장으로 대한민국의 재도약을 이끌어 나가겠습니다.,"The Lee Jae-myung government and the Democratic Party of Korea will lead South Korea’s leap forward through growth driven by the regions, not growth centered on the Seoul metropolitan area.",Self-direction: action:0.045; Achievement:0.040; Power: dominance:0.007; Stimulation:0.003; Power: resources:0.002,Universalism: concern:-0.000; Security: personal:-0.000; Conformity: interpersonal:-0.000; Benevolence: caring:-0.000; Conformity: rules:-0.000,mds,-0.07742778337037637,0.030334063932062446,1
row007_claim02,민주당,02:25,변화는 이미 시작되었습니다. 말만 있던 어 해수부의 부산 이전을 지난해 이미 완료했습니다.,"The change has already begun. We already completed last year the relocation of the Ministry of Oceans and Fisheries to Busan, which had only been talked about.",Stimulation:0.925; Universalism: nature:0.017; Security: societal:0.011; Power: resources:0.009; Self-direction: action:0.008,Security: personal:-0.001; Universalism: tolerance:-0.001; Benevolence: dependability:-0.001; Humility:-0.001; Tradition:-0.001,mds,0.6959254316302089,-0.46031782079853684,1
row007_claim03,민주당,02:25,"또한 부산, 강원, 전북 제주 특별법 등 지방 주도 성장을 선도할 법안들이 아 곧 국회 통과를 앞두고 있습니다.","In addition, bills that will lead region-led growth, such as the special acts for Busan, Gangwon, Jeonbuk, and Jeju, are soon on the verge of passing the National Assembly.",Power: resources:0.901; Security: societal:0.086; Self-direction: action:0.019; Stimulation:0.008; Self-direction: thought:0.004,Humility:-0.000; Tradition:-0.000; Benevolence: dependability:-0.000; Hedonism:-0.000; Universalism: tolerance:-0.000,mds,0.025776120929267718,0.8657713873514655,1
row007_claim04,민주당,02:25,지방에 실질적인 성장 동력을 불어넣기 위해 5급 3특 체제로의 행정통합도 추진되고 있습니다.,"Administrative consolidation into a 5th-grade, 3-special-case system is also being 추진ed in order to inject substantive growth momentum into the regions.",Power: resources:0.331; Achievement:0.317; Power: dominance:0.029; Self-direction: action:0.003; Security: societal:0.001,Benevolence: caring:-0.000; Hedonism:-0.000; Universalism: tolerance:-0.000; Tradition:-0.000; Universalism: concern:-0.000,mds,-0.14700843665390229,0.36726049642914854,1
row007_claim05,민주당,02:25,지난 3월 전남 광주 통합법이 처리되었고 오는 6월 단체장이 선출될 예정입니다.,"Last March, the integrated law for Gwangju in Jeollanam-do was processed, and the head of the local government is scheduled to be elected this coming June.",Conformity: rules:0.008; Universalism: concern:0.001; Self-direction: action:0.000; Power: dominance:0.000; Security: societal:0.000,Humility:-0.000; Hedonism:-0.000; Benevolence: dependability:-0.000; Universalism: nature:-0.000; Tradition:-0.000,mds,-0.11163014260021117,0.013287853719005675,1
row007_claim06,민주당,02:25,"통합 특별시에는 4년간 총 20조 원의 재정 지원, 투자, 환경 보증, 광역 교통 투자 등 집중 지원이 이루어질 것입니다.","The integrated special city will receive concentrated support over four years, including a total of 20 trillion won in fiscal assistance, investment, environmental guarantees, and broad-area transportation investment.",Power: resources:0.845; Achievement:0.156; Stimulation:0.059; Universalism: nature:0.035; Benevolence: caring:0.008,Conformity: rules:-0.000; Universalism: tolerance:-0.000; Security: personal:-0.000; Tradition:-0.000; Conformity: interpersonal:-0.001,mds,-0.026906422509808497,0.8079948139012916,1
row008_claim01,민주당,03:33,또한 이 모든 과정을 통합 특별시가 정책을 결정하고 집행할 수 있도록 법적 행정적 위상을 보장할 것입니다.,"In addition, it will ensure the legal and administrative status so that the integrated special city can decide and implement all these processes.",Conformity: rules:0.469; Self-direction: action:0.372; Power: dominance:0.081; Universalism: concern:0.009; Power: resources:0.003,Hedonism:-0.000; Humility:-0.000; Universalism: nature:-0.000; Face:-0.000; Security: personal:-0.000,mds,0.4465996261012788,0.06338844026137685,3
row008_claim02,민주당,03:33,"이재명 정부는 합니다. 출범 7개월 만에 코스피 5천 원 시대를 열었고, 그 실력 그대로 지방 주도 성장을 완성해 나가겠습니다.","The Lee Jae-myung government will do it. Within seven months of its inauguration, it opened the KOSPI 5,000 era, and with that same capability, it will go on to complete region-led growth.",Achievement:0.958; Self-direction: action:0.040; Power: resources:0.026; Stimulation:0.012; Power: dominance:0.004,Security: personal:-0.000; Conformity: rules:-0.000; Security: societal:-0.000; Conformity: interpersonal:-0.000; Universalism: tolerance:-0.001,mds,-0.944085328842446,0.17640513945122388,1
row008_claim03,민주당,03:33,전국 어디서나 다 잘 살 수 있는 민주당과 이재명 정부가 책임지고 해 나가겠습니다.,The Democratic Party and the Lee Jae-myung government will take responsibility and carry this out so that people can live well anywhere in the country.,Universalism: concern:0.929; Security: societal:0.153; Power: dominance:0.076; Conformity: rules:0.033; Benevolence: dependability:0.025,Universalism: nature:-0.000; Hedonism:-0.000; Humility:-0.001; Tradition:-0.001; Stimulation:-0.001,mds,0.015400074139112409,-0.9069754643224377,1
row010_claim01,개혁신당,04:01,아 선거철이 돌아올 때마다 지도 위의 선이 다시 그려집니다.,"Ah, every time election season comes around, the lines on the map are drawn again.",Power: dominance:0.006; Security: societal:0.002; Achievement:0.002; Stimulation:0.002; Power: resources:0.001,Security: personal:-0.000; Conformity: interpersonal:-0.000; Benevolence: caring:-0.000; Universalism: tolerance:-0.000; Humility:-0.000,mds,-0.11147359019629381,0.014934019076432844,1
row010_claim02,개혁신당,04:01,"목련이 피는 봄이 오면 김포는 서울이 된다던 그 약속 기억하십니까?
봄도 왔고 목련도 피웠습니다. 그러나 그 약속은 선고와 함께 사라졌습니다.","Do you remember that promise that when spring, when the magnolias bloomed, Gimpo would become Seoul?
Spring has come, and the magnolias have bloomed. However, that promise disappeared along with the ruling.",Self-direction: thought:0.000; Universalism: tolerance:-0.000; Self-direction: action:-0.000; Security: personal:-0.001; Power: dominance:-0.001,Stimulation:0.056; Benevolence: caring:0.053; Benevolence: dependability:0.048; Conformity: rules:0.048; Achievement:0.035,mds,-0.17818127247267954,0.01722560098708103,1
row010_claim03,개혁신당,04:01,이번 민주당의 행정구역 개편도 다르지 않습니다.,This Democratic Party’s administrative district reorganization is no different.,Universalism: concern:0.000; Security: societal:0.000; Self-direction: action:0.000; Achievement:0.000; Conformity: rules:0.000,Hedonism:-0.000; Face:-0.000; Humility:-0.000; Security: personal:-0.000; Tradition:-0.000,mds,-0.11389524122265977,0.015169407931171847,1
row010_claim04,개혁신당,04:01,"모두에게 특별이라는 타이틀은 붙였지만 결국 아무도 특별해지지 않았습니다.
행정 혼란만 가중했을 뿐 어떤 정책 철학도 시민이 체감할 실익도 없습니다.","Although everyone was given the title of “special,” in the end no one became special.
It only increased administrative confusion, and there is neither any policy philosophy nor any tangible benefit that citizens can feel.",Tradition:-0.000; Universalism: nature:-0.000; Self-direction: action:-0.000; Security: societal:-0.000; Hedonism:-0.000,Universalism: concern:0.082; Universalism: tolerance:0.035; Achievement:0.022; Conformity: interpersonal:0.007; Benevolence: caring:0.006,mds,-0.14291216093966333,0.06286483765971186,1
row010_claim05,개혁신당,04:01,더 근본적인 문제를 직시해야 합니다. 서울의 기능을 옥죄고 강제로 이전하면 지방이 살아난다는 환상 이것을 끝내야 합니다.,"We need to confront the more fundamental problem. We must end the illusion that if we strangle Seoul’s functions and forcibly relocate them, the provinces will come back to life.",Self-direction: action:0.712; Security: societal:0.151; Stimulation:0.021; Conformity: rules:0.012; Self-direction: thought:0.005,Humility:-0.000; Face:-0.000; Universalism: nature:-0.000; Universalism: tolerance:-0.000; Hedonism:-0.001,mds,0.5431883935185169,0.2628622198124724,3
row010_claim06,개혁신당,04:01,"지금 혁신도시들이 어떻습니까? 지방에는 반쪽짜리 도시만 생겼고 서울은 성장 동력만 잃었습니다.
지역 균형 발전이라는 이름으로 국가 전체가 하향 평준화된 것입니다.","What are innovation cities like now? In the provinces, only half-finished cities have been created, and Seoul has lost only its growth engine. Under the name of balanced regional development, the entire country has been leveled downward.",Security: personal:-0.000; Tradition:-0.000; Conformity: interpersonal:-0.000; Universalism: tolerance:-0.000; Hedonism:-0.000,Power: resources:0.533; Achievement:0.387; Stimulation:0.110; Self-direction: action:0.015; Power: dominance:0.013,mds,-0.6588920106445143,-0.3118615050944789,1
row011_claim01,개혁신당,04:54,"서울은 대한민국 경제의 심장으로서 제 기능을 다하게 하고 동시에 전국 각 지역이 고유한 산업 생태계로 자립하는 구조를 만드는 것, 그리고 행정구역의 선을 바꾸는 것이 아니라 산업과 재정의 구조를 바꾸는 것 이것이 진정한 균형 발전의 정책입니다.","Making Seoul function fully as the heart of the Republic of Korea’s economy, and at the same time creating a structure in which each region across the country becomes self-reliant as its own unique industrial ecosystem, and changing the structure of industry and finance rather than changing the lines of administrative districts—this is the policy of true balanced development.",Self-direction: action:0.455; Power: resources:0.436; Stimulation:0.329; Self-direction: thought:0.323; Universalism: concern:0.093,Security: personal:-0.004; Face:-0.004; Hedonism:-0.005; Humility:-0.006; Power: dominance:-0.008,mds,0.38496167824883454,0.5065604976047106,3
row011_claim02,개혁신당,04:54,"지도를 다시 다시 그리는 것, 이것은 정치입니다.
그러나 삶을 다시 설계하는 것 그것이 정책입니다.
개혁신당은 정치가 아닌 정책으로 이 나라의 미래를 말하도록 하겠습니다.","Redrawing the map again and again, this is politics.  
But redesigning life—that is policy.  
The New Reform Party will speak about this country’s future through policy, not politics.",Stimulation:0.454; Self-direction: action:0.094; Self-direction: thought:0.021; Achievement:0.010; Power: dominance:0.005,Benevolence: caring:-0.000; Security: personal:-0.000; Benevolence: dependability:-0.000; Universalism: tolerance:-0.000; Conformity: interpersonal:-0.001,mds,0.24347099176696652,-0.19227558177408663,1
row013_claim01,국민의힘,05:30,"국가 균형 발전을 위한 지방자치 제도가 시작된 지가 30년이 지났습니다.
그러나 수도권 일극 체제는 고착되고 불평등과 불균형은 더욱 심화되고 있습니다.
지방 정부에 대한 실질적인 권한 이용이 없었기 때문입니다.
지방자치가 제대로 작동하여 경쟁력을 갖추려면 중앙 정부의 행정 재정 조세 인허가 권한을 지방 정부에 과감하게 이행해야 합니다.","It has been 30 years since the local autonomy system for balanced national development began.  
However, the one-pole system centered on the Seoul metropolitan area has become entrenched, and inequality and imbalance are deepening further.  
This is because there has been no substantial delegation of authority to local governments.  
For local autonomy to function properly and become competitive, the central government's administrative, fiscal, tax, and licensing-permit authorities must be boldly transferred to local governments.",Hedonism:-0.002; Humility:-0.002; Universalism: nature:-0.003; Security: personal:-0.006; Power: resources:-0.007,Universalism: concern:0.577; Power: dominance:0.393; Self-direction: action:0.161; Security: societal:0.109; Conformity: rules:0.094,mds,-0.6878339548406034,0.45457499636139637,2
row013_claim02,국민의힘,05:30,"그런데 지난 1월 16일 김민석 총리가 발표한 행정통합 방안을 보면 실망스럽습니다.
차관급 4명과 1급 보직 연간 5조 원 규모의 재정 지원, 공공기관 이전과 같은 유인책만 제시하며 행정 조세 인허가 등 조항 권한 이양에 대한 핵심은 빠져 있습니다.
이런 통합은 재정 지원 중심 정책에 머물 수밖에 없습니다.","However, if you look at the administrative integration plan announced by Prime Minister Kim Min-seok on January 16, it is disappointing.  
It only presents incentives such as four vice-minister-level positions, 1st-grade posts, 5 trillion won in annual financial support, and relocation of public institutions, while leaving out the core issue of transferring authority over provisions such as administration, taxation, and permits.  
Such integration can only remain a policy centered on financial support.",Power: resources:0.255; Stimulation:0.064; Power: dominance:0.037; Benevolence: caring:0.030; Benevolence: dependability:0.018,Universalism: concern:0.001; Face:0.000; Universalism: tolerance:0.000; Tradition:-0.000; Security: personal:-0.000,mds,-0.04679016240575347,0.18496758553040155,1
row013_claim03,국민의힘,05:30,"특히 선거를 앞둔 시점에서 추진되어 국민들은 포퓰리즘 정책이라고 의구심을 가질 수밖에 없습니다.
지방분권을 통한 지역 통합은 국가의 백년지대계입니다.
그래서 우리 국민의힘 입장은 명확합니다. 행정통합하려면 제대로 해야 합니다.","Especially at a time approaching an election, the public cannot help but suspect that it is a populist policy.
Regional integration through decentralization is a hundred-year national plan.
So our People Power Party’s position is clear. If administrative integration is to be carried out, it must be done properly.",Self-direction: thought:0.182; Universalism: tolerance:0.049; Universalism: concern:0.045; Conformity: interpersonal:0.030; Face:0.018,Universalism: nature:-0.000; Achievement:-0.000; Power: resources:-0.000; Security: personal:-0.000; Hedonism:-0.001,mds,-0.10379992728479105,-0.09939313500083907,1
row014_claim01,국민의힘,06:43,"먼저 중앙정부가 지방 정부의 협의체를 구성해 권한 이양 범위를 명확히 해야 합니다.
이후 법제화 단계에서 충분한 의견 수렴 절차를 통해 지역의 현실을 반영하고 국민 공감대를 넓혀야 합니다.","First, the central government should form a consultative body with local governments to clearly define the scope of authority transfer.  
After that, at the stage of legislation, sufficient opinion-gathering procedures should be used to reflect local realities and broaden public consensus.",Benevolence: dependability:0.387; Conformity: interpersonal:0.170; Power: dominance:0.080; Self-direction: thought:0.055; Self-direction: action:0.020,Achievement:-0.000; Security: personal:-0.000; Hedonism:-0.000; Universalism: nature:-0.000; Tradition:-0.001,mds,-0.3825673323856121,-0.01853457790892377,1
row016_claim01,조국혁신당,07:06,주거 혁신의 제7공화국 비전에는 지역 균형 발전이 포함돼 있습니다.,The vision of the 7th Republic for housing innovation includes balanced regional development.,Stimulation:0.928; Universalism: concern:0.029; Security: societal:0.027; Self-direction: thought:0.018; Self-direction: action:0.013,Security: personal:-0.000; Conformity: interpersonal:-0.000; Face:-0.001; Humility:-0.001; Conformity: rules:-0.001,mds,0.6893341947776213,-0.4725058836868789,1
row016_claim02,조국혁신당,07:06,시대에 뒤떨어진 중앙집권적 개발 국가 체제를 극복하고 분권과 자치를 폭넓게 실현하는 자치분권 공화국이 바로 제7공화국입니다.,A self-governing decentralized republic that overcomes the outdated centralized developmental state system and broadly realizes decentralization and autonomy is the Seventh Republic.,Self-direction: action:0.775; Self-direction: thought:0.224; Stimulation:0.081; Tradition:0.019; Security: societal:0.012,Face:-0.000; Humility:-0.001; Achievement:-0.001; Power: resources:-0.001; Benevolence: dependability:-0.001,mds,0.6504383841176259,0.2752045310648516,3
row016_claim03,조국혁신당,07:06,지역 균형 발전을 위한 방안도 여러 차례 밝혔습니다.,I have also stated on multiple occasions measures for balanced regional development.,Security: societal:0.145; Self-direction: action:0.110; Universalism: concern:0.079; Self-direction: thought:0.023; Stimulation:0.011,Face:-0.000; Humility:-0.000; Security: personal:-0.000; Hedonism:-0.000; Tradition:-0.000,mds,-0.017394936375585937,-0.07187920345678857,1
row016_claim04,조국혁신당,07:06,강릉에서는 국가 균형 발전과 지방 소멸 위기 극복을 위한 균형 발전 특별회계의 정부 지원액을 현실에 맞게 대폭 늘릴 것을 제안했습니다.,"In Gangneung, it was proposed to drastically increase the government’s support amount for the Special Account for Balanced Development, in line with reality, in order to achieve balanced national development and overcome the crisis of regional extinction.",Security: societal:0.890; Universalism: nature:0.591; Power: resources:0.027; Universalism: concern:0.026; Self-direction: action:0.015,Face:-0.000; Humility:-0.000; Hedonism:-0.001; Security: personal:-0.001; Conformity: interpersonal:-0.001,mds,-0.715050280313767,-0.7753988653976314,1
row016_claim05,조국혁신당,07:06,"22대 개헌 이후에는 곧바로 국회와 대통령실을 세종특별자치시로 완전 이전하는 행정수도 건설을 위한 특별법을 당론 발의했으며, 서울에 있을 아무런 이유가 없는 대법원과 그 부속기관을 대구 등 지방으로 이전하는 법안도 발의했습니다.","After the 22nd constitutional amendment, we immediately introduced as a party line a special law for building an administrative capital that would completely relocate the National Assembly and the Presidential Office to Sejong Special Self-Governing City, and we also introduced a bill to relocate the Supreme Court and its affiliated institutions, which have no reason whatsoever to remain in Seoul, to Daegu and other regions.",Self-direction: action:0.368; Power: dominance:0.271; Power: resources:0.124; Stimulation:0.052; Conformity: rules:0.024,Humility:-0.000; Benevolence: dependability:-0.001; Universalism: tolerance:-0.001; Benevolence: caring:-0.001; Security: personal:-0.001,mds,0.21175520509480408,0.2164950293682781,3
row016_claim06,조국혁신당,07:06,"수도권으로의 청년층 순 이동의 흐름을 보면 최근 20년간 수도권으로 순유입이 지속되었고 그 이유는 직업과 교육, 주거 환경 때문이라고 합니다.","Looking at the net migration flow of young people into the metropolitan area, net inflow into the metropolitan area has continued over the past 20 years, and the reason is said to be jobs, education, and the housing environment.",Security: societal:0.139; Power: resources:0.042; Achievement:0.012; Universalism: concern:0.005; Self-direction: action:0.001,Hedonism:-0.000; Humility:-0.000; Benevolence: dependability:-0.000; Face:-0.000; Conformity: rules:-0.000,mds,-0.11399631187395168,-0.05136957449885114,1
row017_claim01,조국혁신당,08:08,"향후 지속될 수도권의 집중 현상을 반전시키기 위해서는 비수도권에도 직업과 교육, 주거 환경을 발전시켜야 합니다.","To reverse the concentration phenomenon in the capital region that may continue in the future, job opportunities, education, and housing conditions must also be developed in the non-capital regions.",Stimulation:0.224; Self-direction: action:0.218; Power: resources:0.139; Benevolence: caring:0.072; Universalism: concern:0.054,Humility:-0.000; Face:-0.000; Universalism: tolerance:-0.000; Tradition:-0.001; Hedonism:-0.001,mds,0.1557363236373434,0.018877356361760272,1
row017_claim02,조국혁신당,08:08,"한편 지역균형 발전과 반드시 함께 가야 하는 것이 있습니다.
바로 정치 개혁입니다.","Meanwhile, there is something that must go together with balanced regional development.
That is political reform.",Stimulation:0.361; Universalism: concern:0.123; Self-direction: action:0.097; Security: societal:0.048; Conformity: rules:0.042,Security: personal:-0.000; Humility:-0.000; Face:-0.000; Hedonism:-0.000; Universalism: nature:-0.000,mds,0.1654094125331973,-0.18463811758128967,1
row017_claim03,조국혁신당,08:08,현재 개혁진보 4당은 국회 본청 앞에서 천막 농성을 하고 있으며 어제는 간절한 마음으로 담아 3부 1배까지 하겠습니다.,"The four reform-progressive parties are currently holding a tent sit-in in front of the National Assembly main building, and yesterday, with desperate hearts, we will even do the “three bows for one prostration.”",Self-direction: action:0.629; Tradition:0.069; Hedonism:0.021; Stimulation:0.020; Achievement:0.016,Universalism: nature:-0.000; Security: personal:-0.000; Power: resources:-0.000; Security: societal:-0.000; Power: dominance:-0.001,mds,0.43465672785687604,0.2594434317806307,3
row004_claim01,정의당,00:50,"네, 국민 여러분 지역 소멸은 이제 대한민국의 존립 기반을 위협받고 있습니다.","Yes, fellow citizens, regional extinction is now threatening the very foundation of the Republic of Korea’s existence.",Face:-0.000; Humility:-0.000; Conformity: rules:-0.000; Conformity: interpersonal:-0.000; Self-direction: thought:-0.000,Security: societal:0.717; Universalism: nature:0.291; Security: personal:0.003; Universalism: concern:0.003; Tradition:0.002,tsne,15.612330436706543,-8.216397285461426,0
row004_claim02,정의당,00:50,"정부는 초강력 행정통합을 해답으로 내놓고 있지만 우리는 본질적인 질문을 던져야 합니다.
행정구역만 합친다고 지방이 정말 잘 살 만한 곳으로 바뀔까요?","The government is presenting super-strong administrative consolidation as the answer, but we must ask the fundamental question.
Will simply combining administrative districts really turn local areas into places where people can prosper?",Security: societal:0.604; Power: resources:0.098; Achievement:0.093; Stimulation:0.068; Universalism: concern:0.005,Conformity: interpersonal:-0.000; Universalism: nature:-0.000; Humility:-0.000; Universalism: tolerance:-0.000; Hedonism:-0.000,tsne,8.793505668640137,8.60891056060791,1
row004_claim03,정의당,00:50,지방을 살리기 위해서는 다음의 조건이 필수적입니다.,"To revitalize local areas, the following conditions are essential.",Stimulation:0.613; Security: societal:0.123; Self-direction: action:0.049; Benevolence: caring:0.014; Self-direction: thought:0.012,Humility:-0.000; Face:-0.000; Security: personal:-0.000; Power: dominance:-0.000; Universalism: tolerance:-0.000,tsne,1.1781865358352661,21.579410552978516,1
row004_claim04,정의당,00:50,"첫째, 국가가 지역 간 격차를 줄이는 컨트롤타워 역할을 끝까지 수행해야 합니다.
단순히 합치는 것이 아니라 균형을 맞추는 것이 핵심입니다.","First, the state must carry through to the end its role as the control tower for reducing disparities between regions.  
The key is not simply to merge them, but to achieve balance.",Universalism: concern:0.775; Universalism: tolerance:0.063; Power: dominance:0.046; Security: societal:0.025; Self-direction: action:0.010,Security: personal:-0.000; Hedonism:-0.000; Universalism: nature:-0.000; Humility:-0.000; Benevolence: caring:-0.001,tsne,27.602052688598633,-0.7199434638023376,1
row004_claim05,정의당,00:50,"둘째, 지역의 부가 수도권으로 유출되는 구조를 바꿔야 합니다.
지역 본사제를 도입하고 지역 공공은행을 설립하여 지역 순환 경제를 만들어 내야 합니다.","Second, we must change the structure in which the region’s added value flows out to the capital region.  
We should introduce a regional headquarters system and establish regional public banks to create a regional circular economy.",Power: resources:0.019; Stimulation:0.010; Self-direction: action:0.008; Security: societal:0.002; Conformity: rules:0.002,Humility:-0.000; Universalism: tolerance:-0.000; Hedonism:-0.000; Face:-0.000; Security: personal:-0.000,tsne,-1.5737303495407104,-3.4872963428497314,1
row004_claim06,정의당,00:50,"셋째, 실질적 자치를 뒷받침하는 연방제 수준의 재정 입법권 이양과 읍면동 단위까지 주민 결정권을 보장하는 헌법 개정이 반드시 필요합니다.","Third, a constitutional amendment is absolutely necessary that transfers fiscal and legislative powers at a federal level, which support substantive autonomy, and that guarantees residents’ decision-making rights down to the eup, myeon, and dong unit.",Self-direction: action:0.824; Conformity: rules:0.075; Power: dominance:0.044; Self-direction: thought:0.024; Universalism: concern:0.011,Face:-0.000; Humility:-0.000; Hedonism:-0.000; Achievement:-0.000; Universalism: nature:-0.001,tsne,-27.587430953979492,15.495038986206055,3
row004_claim07,정의당,00:50,"넷째, 분권이 규제 완화 경쟁으로 변질되어서는 안 됩니다.
노동권과 환경권, 의료, 공공성 같은 국민의 기본권은 전국 어디서나 차별 없이 균등하게 보장되어야 합니다.","Fourth, decentralization must not be turned into a competition for deregulation.
Basic rights of the people, such as labor rights, environmental rights, medical care, and publicness, must be equally guaranteed without discrimination anywhere in the country.",Universalism: concern:0.850; Self-direction: action:0.058; Conformity: rules:0.039; Power: dominance:0.008; Security: societal:0.005,Face:-0.000; Hedonism:-0.000; Humility:-0.000; Tradition:-0.000; Conformity: interpersonal:-0.001,tsne,28.970205307006836,3.4749228954315186,1
row005_claim01,정의당,02:03,"마지막으로 모든 통합 과정은 주민 투표를 통한 민주적 수기 절차를 반드시 거쳐야 합니다.
지금 진행되고 있는 행정통합은 사실상 지역의 민주주의를 위배하고 있는 것입니다.","Lastly, all integration processes must necessarily go through a democratic manual procedure through a residents’ referendum.
The administrative integration now underway is, in fact, violating local democracy.",Power: resources:-0.000; Universalism: nature:-0.000; Hedonism:-0.000; Humility:-0.000; Face:-0.000,Conformity: rules:0.230; Universalism: concern:0.114; Conformity: interpersonal:0.002; Tradition:0.001; Universalism: tolerance:0.001,tsne,-2.112727403640747,-14.584197044372559,1
row007_claim01,민주당,02:25,이재명 정부와 더불어민주당은 수도권 중심 성장이 아닌 지방 주도 성장으로 대한민국의 재도약을 이끌어 나가겠습니다.,"The Lee Jae-myung government and the Democratic Party of Korea will lead South Korea’s leap forward through growth driven by the regions, not growth centered on the Seoul metropolitan area.",Self-direction: action:0.045; Achievement:0.040; Power: dominance:0.007; Stimulation:0.003; Power: resources:0.002,Universalism: concern:-0.000; Security: personal:-0.000; Conformity: interpersonal:-0.000; Benevolence: caring:-0.000; Conformity: rules:-0.000,tsne,3.011953830718994,-1.2572510242462158,1
row007_claim02,민주당,02:25,변화는 이미 시작되었습니다. 말만 있던 어 해수부의 부산 이전을 지난해 이미 완료했습니다.,"The change has already begun. We already completed last year the relocation of the Ministry of Oceans and Fisheries to Busan, which had only been talked about.",Stimulation:0.925; Universalism: nature:0.017; Security: societal:0.011; Power: resources:0.009; Self-direction: action:0.008,Security: personal:-0.001; Universalism: tolerance:-0.001; Benevolence: dependability:-0.001; Humility:-0.001; Tradition:-0.001,tsne,3.8511767387390137,26.733613967895508,1
row007_claim03,민주당,02:25,"또한 부산, 강원, 전북 제주 특별법 등 지방 주도 성장을 선도할 법안들이 아 곧 국회 통과를 앞두고 있습니다.","In addition, bills that will lead region-led growth, such as the special acts for Busan, Gangwon, Jeonbuk, and Jeju, are soon on the verge of passing the National Assembly.",Power: resources:0.901; Security: societal:0.086; Self-direction: action:0.019; Stimulation:0.008; Self-direction: thought:0.004,Humility:-0.000; Tradition:-0.000; Benevolence: dependability:-0.000; Hedonism:-0.000; Universalism: tolerance:-0.000,tsne,-5.576081275939941,-33.75680923461914,1
row007_claim04,민주당,02:25,지방에 실질적인 성장 동력을 불어넣기 위해 5급 3특 체제로의 행정통합도 추진되고 있습니다.,"Administrative consolidation into a 5th-grade, 3-special-case system is also being 추진ed in order to inject substantive growth momentum into the regions.",Power: resources:0.331; Achievement:0.317; Power: dominance:0.029; Self-direction: action:0.003; Security: societal:0.001,Benevolence: caring:-0.000; Hedonism:-0.000; Universalism: tolerance:-0.000; Tradition:-0.000; Universalism: concern:-0.000,tsne,-10.742815017700195,-18.042240142822266,1
row007_claim05,민주당,02:25,지난 3월 전남 광주 통합법이 처리되었고 오는 6월 단체장이 선출될 예정입니다.,"Last March, the integrated law for Gwangju in Jeollanam-do was processed, and the head of the local government is scheduled to be elected this coming June.",Conformity: rules:0.008; Universalism: concern:0.001; Self-direction: action:0.000; Power: dominance:0.000; Security: societal:0.000,Humility:-0.000; Hedonism:-0.000; Benevolence: dependability:-0.000; Universalism: nature:-0.000; Tradition:-0.000,tsne,3.8582468032836914,-5.740325450897217,1
row007_claim06,민주당,02:25,"통합 특별시에는 4년간 총 20조 원의 재정 지원, 투자, 환경 보증, 광역 교통 투자 등 집중 지원이 이루어질 것입니다.","The integrated special city will receive concentrated support over four years, including a total of 20 trillion won in fiscal assistance, investment, environmental guarantees, and broad-area transportation investment.",Power: resources:0.845; Achievement:0.156; Stimulation:0.059; Universalism: nature:0.035; Benevolence: caring:0.008,Conformity: rules:-0.000; Universalism: tolerance:-0.000; Security: personal:-0.000; Tradition:-0.000; Conformity: interpersonal:-0.001,tsne,-2.111175060272217,-32.281455993652344,1
row008_claim01,민주당,03:33,또한 이 모든 과정을 통합 특별시가 정책을 결정하고 집행할 수 있도록 법적 행정적 위상을 보장할 것입니다.,"In addition, it will ensure the legal and administrative status so that the integrated special city can decide and implement all these processes.",Conformity: rules:0.469; Self-direction: action:0.372; Power: dominance:0.081; Universalism: concern:0.009; Power: resources:0.003,Hedonism:-0.000; Humility:-0.000; Universalism: nature:-0.000; Face:-0.000; Security: personal:-0.000,tsne,-19.731246948242188,3.8678863048553467,3
row008_claim02,민주당,03:33,"이재명 정부는 합니다. 출범 7개월 만에 코스피 5천 원 시대를 열었고, 그 실력 그대로 지방 주도 성장을 완성해 나가겠습니다.","The Lee Jae-myung government will do it. Within seven months of its inauguration, it opened the KOSPI 5,000 era, and with that same capability, it will go on to complete region-led growth.",Achievement:0.958; Self-direction: action:0.040; Power: resources:0.026; Stimulation:0.012; Power: dominance:0.004,Security: personal:-0.000; Conformity: rules:-0.000; Security: societal:-0.000; Conformity: interpersonal:-0.000; Universalism: tolerance:-0.001,tsne,-15.79086685180664,-20.193933486938477,1
row008_claim03,민주당,03:33,전국 어디서나 다 잘 살 수 있는 민주당과 이재명 정부가 책임지고 해 나가겠습니다.,The Democratic Party and the Lee Jae-myung government will take responsibility and carry this out so that people can live well anywhere in the country.,Universalism: concern:0.929; Security: societal:0.153; Power: dominance:0.076; Conformity: rules:0.033; Benevolence: dependability:0.025,Universalism: nature:-0.000; Hedonism:-0.000; Humility:-0.001; Tradition:-0.001; Stimulation:-0.001,tsne,32.091773986816406,0.220235675573349,1
row010_claim01,개혁신당,04:01,아 선거철이 돌아올 때마다 지도 위의 선이 다시 그려집니다.,"Ah, every time election season comes around, the lines on the map are drawn again.",Power: dominance:0.006; Security: societal:0.002; Achievement:0.002; Stimulation:0.002; Power: resources:0.001,Security: personal:-0.000; Conformity: interpersonal:-0.000; Benevolence: caring:-0.000; Universalism: tolerance:-0.000; Humility:-0.000,tsne,0.024800118058919907,-8.30037784576416,1
row010_claim02,개혁신당,04:01,"목련이 피는 봄이 오면 김포는 서울이 된다던 그 약속 기억하십니까?
봄도 왔고 목련도 피웠습니다. 그러나 그 약속은 선고와 함께 사라졌습니다.","Do you remember that promise that when spring, when the magnolias bloomed, Gimpo would become Seoul?
Spring has come, and the magnolias have bloomed. However, that promise disappeared along with the ruling.",Self-direction: thought:0.000; Universalism: tolerance:-0.000; Self-direction: action:-0.000; Security: personal:-0.001; Power: dominance:-0.001,Stimulation:0.056; Benevolence: caring:0.053; Benevolence: dependability:0.048; Conformity: rules:0.048; Achievement:0.035,tsne,7.8044867515563965,-8.618447303771973,1
row010_claim03,개혁신당,04:01,이번 민주당의 행정구역 개편도 다르지 않습니다.,This Democratic Party’s administrative district reorganization is no different.,Universalism: concern:0.000; Security: societal:0.000; Self-direction: action:0.000; Achievement:0.000; Conformity: rules:0.000,Hedonism:-0.000; Face:-0.000; Humility:-0.000; Security: personal:-0.000; Tradition:-0.000,tsne,-4.705169200897217,-7.625870227813721,1
row010_claim04,개혁신당,04:01,"모두에게 특별이라는 타이틀은 붙였지만 결국 아무도 특별해지지 않았습니다.
행정 혼란만 가중했을 뿐 어떤 정책 철학도 시민이 체감할 실익도 없습니다.","Although everyone was given the title of “special,” in the end no one became special.
It only increased administrative confusion, and there is neither any policy philosophy nor any tangible benefit that citizens can feel.",Tradition:-0.000; Universalism: nature:-0.000; Self-direction: action:-0.000; Security: societal:-0.000; Hedonism:-0.000,Universalism: concern:0.082; Universalism: tolerance:0.035; Achievement:0.022; Conformity: interpersonal:0.007; Benevolence: caring:0.006,tsne,3.4123055934906006,-12.052008628845215,1
row010_claim05,개혁신당,04:01,더 근본적인 문제를 직시해야 합니다. 서울의 기능을 옥죄고 강제로 이전하면 지방이 살아난다는 환상 이것을 끝내야 합니다.,"We need to confront the more fundamental problem. We must end the illusion that if we strangle Seoul’s functions and forcibly relocate them, the provinces will come back to life.",Self-direction: action:0.712; Security: societal:0.151; Stimulation:0.021; Conformity: rules:0.012; Self-direction: thought:0.005,Humility:-0.000; Face:-0.000; Universalism: nature:-0.000; Universalism: tolerance:-0.000; Hedonism:-0.001,tsne,-27.009096145629883,10.74508285522461,3
row010_claim06,개혁신당,04:01,"지금 혁신도시들이 어떻습니까? 지방에는 반쪽짜리 도시만 생겼고 서울은 성장 동력만 잃었습니다.
지역 균형 발전이라는 이름으로 국가 전체가 하향 평준화된 것입니다.","What are innovation cities like now? In the provinces, only half-finished cities have been created, and Seoul has lost only its growth engine. Under the name of balanced regional development, the entire country has been leveled downward.",Security: personal:-0.000; Tradition:-0.000; Conformity: interpersonal:-0.000; Universalism: tolerance:-0.000; Hedonism:-0.000,Power: resources:0.533; Achievement:0.387; Stimulation:0.110; Self-direction: action:0.015; Power: dominance:0.013,tsne,-12.672389030456543,-8.670625686645508,1
row011_claim01,개혁신당,04:54,"서울은 대한민국 경제의 심장으로서 제 기능을 다하게 하고 동시에 전국 각 지역이 고유한 산업 생태계로 자립하는 구조를 만드는 것, 그리고 행정구역의 선을 바꾸는 것이 아니라 산업과 재정의 구조를 바꾸는 것 이것이 진정한 균형 발전의 정책입니다.","Making Seoul function fully as the heart of the Republic of Korea’s economy, and at the same time creating a structure in which each region across the country becomes self-reliant as its own unique industrial ecosystem, and changing the structure of industry and finance rather than changing the lines of administrative districts—this is the policy of true balanced development.",Self-direction: action:0.455; Power: resources:0.436; Stimulation:0.329; Self-direction: thought:0.323; Universalism: concern:0.093,Security: personal:-0.004; Face:-0.004; Hedonism:-0.005; Humility:-0.006; Power: dominance:-0.008,tsne,-12.854059219360352,16.01957130432129,3
row011_claim02,개혁신당,04:54,"지도를 다시 다시 그리는 것, 이것은 정치입니다.
그러나 삶을 다시 설계하는 것 그것이 정책입니다.
개혁신당은 정치가 아닌 정책으로 이 나라의 미래를 말하도록 하겠습니다.","Redrawing the map again and again, this is politics.  
But redesigning life—that is policy.  
The New Reform Party will speak about this country’s future through policy, not politics.",Stimulation:0.454; Self-direction: action:0.094; Self-direction: thought:0.021; Achievement:0.010; Power: dominance:0.005,Benevolence: caring:-0.000; Security: personal:-0.000; Benevolence: dependability:-0.000; Universalism: tolerance:-0.000; Conformity: interpersonal:-0.001,tsne,-3.1934654712677,19.183860778808594,1
row013_claim01,국민의힘,05:30,"국가 균형 발전을 위한 지방자치 제도가 시작된 지가 30년이 지났습니다.
그러나 수도권 일극 체제는 고착되고 불평등과 불균형은 더욱 심화되고 있습니다.
지방 정부에 대한 실질적인 권한 이용이 없었기 때문입니다.
지방자치가 제대로 작동하여 경쟁력을 갖추려면 중앙 정부의 행정 재정 조세 인허가 권한을 지방 정부에 과감하게 이행해야 합니다.","It has been 30 years since the local autonomy system for balanced national development began.  
However, the one-pole system centered on the Seoul metropolitan area has become entrenched, and inequality and imbalance are deepening further.  
This is because there has been no substantial delegation of authority to local governments.  
For local autonomy to function properly and become competitive, the central government's administrative, fiscal, tax, and licensing-permit authorities must be boldly transferred to local governments.",Hedonism:-0.002; Humility:-0.002; Universalism: nature:-0.003; Security: personal:-0.006; Power: resources:-0.007,Universalism: concern:0.577; Power: dominance:0.393; Self-direction: action:0.161; Security: societal:0.109; Conformity: rules:0.094,tsne,2.356557607650757,-20.065404891967773,2
row013_claim02,국민의힘,05:30,"그런데 지난 1월 16일 김민석 총리가 발표한 행정통합 방안을 보면 실망스럽습니다.
차관급 4명과 1급 보직 연간 5조 원 규모의 재정 지원, 공공기관 이전과 같은 유인책만 제시하며 행정 조세 인허가 등 조항 권한 이양에 대한 핵심은 빠져 있습니다.
이런 통합은 재정 지원 중심 정책에 머물 수밖에 없습니다.","However, if you look at the administrative integration plan announced by Prime Minister Kim Min-seok on January 16, it is disappointing.  
It only presents incentives such as four vice-minister-level positions, 1st-grade posts, 5 trillion won in annual financial support, and relocation of public institutions, while leaving out the core issue of transferring authority over provisions such as administration, taxation, and permits.  
Such integration can only remain a policy centered on financial support.",Power: resources:0.255; Stimulation:0.064; Power: dominance:0.037; Benevolence: caring:0.030; Benevolence: dependability:0.018,Universalism: concern:0.001; Face:0.000; Universalism: tolerance:0.000; Tradition:-0.000; Security: personal:-0.000,tsne,-7.520905494689941,-1.2839083671569824,1
row013_claim03,국민의힘,05:30,"특히 선거를 앞둔 시점에서 추진되어 국민들은 포퓰리즘 정책이라고 의구심을 가질 수밖에 없습니다.
지방분권을 통한 지역 통합은 국가의 백년지대계입니다.
그래서 우리 국민의힘 입장은 명확합니다. 행정통합하려면 제대로 해야 합니다.","Especially at a time approaching an election, the public cannot help but suspect that it is a populist policy.
Regional integration through decentralization is a hundred-year national plan.
So our People Power Party’s position is clear. If administrative integration is to be carried out, it must be done properly.",Self-direction: thought:0.182; Universalism: tolerance:0.049; Universalism: concern:0.045; Conformity: interpersonal:0.030; Face:0.018,Universalism: nature:-0.000; Achievement:-0.000; Power: resources:-0.000; Security: personal:-0.000; Hedonism:-0.001,tsne,8.935112953186035,-1.7435287237167358,1
row014_claim01,국민의힘,06:43,"먼저 중앙정부가 지방 정부의 협의체를 구성해 권한 이양 범위를 명확히 해야 합니다.
이후 법제화 단계에서 충분한 의견 수렴 절차를 통해 지역의 현실을 반영하고 국민 공감대를 넓혀야 합니다.","First, the central government should form a consultative body with local governments to clearly define the scope of authority transfer.  
After that, at the stage of legislation, sufficient opinion-gathering procedures should be used to reflect local realities and broaden public consensus.",Benevolence: dependability:0.387; Conformity: interpersonal:0.170; Power: dominance:0.080; Self-direction: thought:0.055; Self-direction: action:0.020,Achievement:-0.000; Security: personal:-0.000; Hedonism:-0.000; Universalism: nature:-0.000; Tradition:-0.001,tsne,11.50860595703125,-16.602182388305664,1
row016_claim01,조국혁신당,07:06,주거 혁신의 제7공화국 비전에는 지역 균형 발전이 포함돼 있습니다.,The vision of the 7th Republic for housing innovation includes balanced regional development.,Stimulation:0.928; Universalism: concern:0.029; Security: societal:0.027; Self-direction: thought:0.018; Self-direction: action:0.013,Security: personal:-0.000; Conformity: interpersonal:-0.000; Face:-0.001; Humility:-0.001; Conformity: rules:-0.001,tsne,-0.5733671188354492,27.38809585571289,1
row016_claim02,조국혁신당,07:06,시대에 뒤떨어진 중앙집권적 개발 국가 체제를 극복하고 분권과 자치를 폭넓게 실현하는 자치분권 공화국이 바로 제7공화국입니다.,A self-governing decentralized republic that overcomes the outdated centralized developmental state system and broadly realizes decentralization and autonomy is the Seventh Republic.,Self-direction: action:0.775; Self-direction: thought:0.224; Stimulation:0.081; Tradition:0.019; Security: societal:0.012,Face:-0.000; Humility:-0.001; Achievement:-0.001; Power: resources:-0.001; Benevolence: dependability:-0.001,tsne,-22.886280059814453,16.889751434326172,3
row016_claim03,조국혁신당,07:06,지역 균형 발전을 위한 방안도 여러 차례 밝혔습니다.,I have also stated on multiple occasions measures for balanced regional development.,Security: societal:0.145; Self-direction: action:0.110; Universalism: concern:0.079; Self-direction: thought:0.023; Stimulation:0.011,Face:-0.000; Humility:-0.000; Security: personal:-0.000; Hedonism:-0.000; Tradition:-0.000,tsne,3.167916774749756,4.565107345581055,1
row016_claim04,조국혁신당,07:06,강릉에서는 국가 균형 발전과 지방 소멸 위기 극복을 위한 균형 발전 특별회계의 정부 지원액을 현실에 맞게 대폭 늘릴 것을 제안했습니다.,"In Gangneung, it was proposed to drastically increase the government’s support amount for the Special Account for Balanced Development, in line with reality, in order to achieve balanced national development and overcome the crisis of regional extinction.",Security: societal:0.890; Universalism: nature:0.591; Power: resources:0.027; Universalism: concern:0.026; Self-direction: action:0.015,Face:-0.000; Humility:-0.000; Hedonism:-0.001; Security: personal:-0.001; Conformity: interpersonal:-0.001,tsne,13.250367164611816,11.241983413696289,1
row016_claim05,조국혁신당,07:06,"22대 개헌 이후에는 곧바로 국회와 대통령실을 세종특별자치시로 완전 이전하는 행정수도 건설을 위한 특별법을 당론 발의했으며, 서울에 있을 아무런 이유가 없는 대법원과 그 부속기관을 대구 등 지방으로 이전하는 법안도 발의했습니다.","After the 22nd constitutional amendment, we immediately introduced as a party line a special law for building an administrative capital that would completely relocate the National Assembly and the Presidential Office to Sejong Special Self-Governing City, and we also introduced a bill to relocate the Supreme Court and its affiliated institutions, which have no reason whatsoever to remain in Seoul, to Daegu and other regions.",Self-direction: action:0.368; Power: dominance:0.271; Power: resources:0.124; Stimulation:0.052; Conformity: rules:0.024,Humility:-0.000; Benevolence: dependability:-0.001; Universalism: tolerance:-0.001; Benevolence: caring:-0.001; Security: personal:-0.001,tsne,-14.788605690002441,7.861410617828369,3
row016_claim06,조국혁신당,07:06,"수도권으로의 청년층 순 이동의 흐름을 보면 최근 20년간 수도권으로 순유입이 지속되었고 그 이유는 직업과 교육, 주거 환경 때문이라고 합니다.","Looking at the net migration flow of young people into the metropolitan area, net inflow into the metropolitan area has continued over the past 20 years, and the reason is said to be jobs, education, and the housing environment.",Security: societal:0.139; Power: resources:0.042; Achievement:0.012; Universalism: concern:0.005; Self-direction: action:0.001,Hedonism:-0.000; Humility:-0.000; Benevolence: dependability:-0.000; Face:-0.000; Conformity: rules:-0.000,tsne,-1.5762057304382324,2.0214765071868896,1
row017_claim01,조국혁신당,08:08,"향후 지속될 수도권의 집중 현상을 반전시키기 위해서는 비수도권에도 직업과 교육, 주거 환경을 발전시켜야 합니다.","To reverse the concentration phenomenon in the capital region that may continue in the future, job opportunities, education, and housing conditions must also be developed in the non-capital regions.",Stimulation:0.224; Self-direction: action:0.218; Power: resources:0.139; Benevolence: caring:0.072; Universalism: concern:0.054,Humility:-0.000; Face:-0.000; Universalism: tolerance:-0.000; Tradition:-0.001; Hedonism:-0.001,tsne,-7.619813919067383,11.075852394104004,1
row017_claim02,조국혁신당,08:08,"한편 지역균형 발전과 반드시 함께 가야 하는 것이 있습니다.
바로 정치 개혁입니다.","Meanwhile, there is something that must go together with balanced regional development.
That is political reform.",Stimulation:0.361; Universalism: concern:0.123; Self-direction: action:0.097; Security: societal:0.048; Conformity: rules:0.042,Security: personal:-0.000; Humility:-0.000; Face:-0.000; Hedonism:-0.000; Universalism: nature:-0.000,tsne,-2.325951337814331,14.59625244140625,1
row017_claim03,조국혁신당,08:08,현재 개혁진보 4당은 국회 본청 앞에서 천막 농성을 하고 있으며 어제는 간절한 마음으로 담아 3부 1배까지 하겠습니다.,"The four reform-progressive parties are currently holding a tent sit-in in front of the National Assembly main building, and yesterday, with desperate hearts, we will even do the “three bows for one prostration.”",Self-direction: action:0.629; Tradition:0.069; Hedonism:0.021; Stimulation:0.020; Achievement:0.016,Universalism: nature:-0.000; Security: personal:-0.000; Power: resources:-0.000; Security: societal:-0.000; Power: dominance:-0.001,tsne,-22.295827865600586,11.636350631713867,3
row004_claim01,정의당,00:50,"네, 국민 여러분 지역 소멸은 이제 대한민국의 존립 기반을 위협받고 있습니다.","Yes, fellow citizens, regional extinction is now threatening the very foundation of the Republic of Korea’s existence.",Face:-0.000; Humility:-0.000; Conformity: rules:-0.000; Conformity: interpersonal:-0.000; Self-direction: thought:-0.000,Security: societal:0.717; Universalism: nature:0.291; Security: personal:0.003; Universalism: concern:0.003; Tradition:0.002,umap,16.26001739501953,-10.035022735595703,0
row004_claim02,정의당,00:50,"정부는 초강력 행정통합을 해답으로 내놓고 있지만 우리는 본질적인 질문을 던져야 합니다.
행정구역만 합친다고 지방이 정말 잘 살 만한 곳으로 바뀔까요?","The government is presenting super-strong administrative consolidation as the answer, but we must ask the fundamental question.
Will simply combining administrative districts really turn local areas into places where people can prosper?",Security: societal:0.604; Power: resources:0.098; Achievement:0.093; Stimulation:0.068; Universalism: concern:0.005,Conformity: interpersonal:-0.000; Universalism: nature:-0.000; Humility:-0.000; Universalism: tolerance:-0.000; Hedonism:-0.000,umap,14.405644416809082,-10.89163589477539,1
row004_claim03,정의당,00:50,지방을 살리기 위해서는 다음의 조건이 필수적입니다.,"To revitalize local areas, the following conditions are essential.",Stimulation:0.613; Security: societal:0.123; Self-direction: action:0.049; Benevolence: caring:0.014; Self-direction: thought:0.012,Humility:-0.000; Face:-0.000; Security: personal:-0.000; Power: dominance:-0.000; Universalism: tolerance:-0.000,umap,12.932488441467285,-9.437966346740723,1
row004_claim04,정의당,00:50,"첫째, 국가가 지역 간 격차를 줄이는 컨트롤타워 역할을 끝까지 수행해야 합니다.
단순히 합치는 것이 아니라 균형을 맞추는 것이 핵심입니다.","First, the state must carry through to the end its role as the control tower for reducing disparities between regions.  
The key is not simply to merge them, but to achieve balance.",Universalism: concern:0.775; Universalism: tolerance:0.063; Power: dominance:0.046; Security: societal:0.025; Self-direction: action:0.010,Security: personal:-0.000; Hedonism:-0.000; Universalism: nature:-0.000; Humility:-0.000; Benevolence: caring:-0.001,umap,12.971076965332031,-11.072857856750488,1
row004_claim05,정의당,00:50,"둘째, 지역의 부가 수도권으로 유출되는 구조를 바꿔야 합니다.
지역 본사제를 도입하고 지역 공공은행을 설립하여 지역 순환 경제를 만들어 내야 합니다.","Second, we must change the structure in which the region’s added value flows out to the capital region.  
We should introduce a regional headquarters system and establish regional public banks to create a regional circular economy.",Power: resources:0.019; Stimulation:0.010; Self-direction: action:0.008; Security: societal:0.002; Conformity: rules:0.002,Humility:-0.000; Universalism: tolerance:-0.000; Hedonism:-0.000; Face:-0.000; Security: personal:-0.000,umap,15.777544021606445,-9.158722877502441,1
row004_claim06,정의당,00:50,"셋째, 실질적 자치를 뒷받침하는 연방제 수준의 재정 입법권 이양과 읍면동 단위까지 주민 결정권을 보장하는 헌법 개정이 반드시 필요합니다.","Third, a constitutional amendment is absolutely necessary that transfers fiscal and legislative powers at a federal level, which support substantive autonomy, and that guarantees residents’ decision-making rights down to the eup, myeon, and dong unit.",Self-direction: action:0.824; Conformity: rules:0.075; Power: dominance:0.044; Self-direction: thought:0.024; Universalism: concern:0.011,Face:-0.000; Humility:-0.000; Hedonism:-0.000; Achievement:-0.000; Universalism: nature:-0.001,umap,13.685417175292969,-7.214452743530273,3
row004_claim07,정의당,00:50,"넷째, 분권이 규제 완화 경쟁으로 변질되어서는 안 됩니다.
노동권과 환경권, 의료, 공공성 같은 국민의 기본권은 전국 어디서나 차별 없이 균등하게 보장되어야 합니다.","Fourth, decentralization must not be turned into a competition for deregulation.
Basic rights of the people, such as labor rights, environmental rights, medical care, and publicness, must be equally guaranteed without discrimination anywhere in the country.",Universalism: concern:0.850; Self-direction: action:0.058; Conformity: rules:0.039; Power: dominance:0.008; Security: societal:0.005,Face:-0.000; Hedonism:-0.000; Humility:-0.000; Tradition:-0.000; Conformity: interpersonal:-0.001,umap,13.296259880065918,-10.776933670043945,1
row005_claim01,정의당,02:03,"마지막으로 모든 통합 과정은 주민 투표를 통한 민주적 수기 절차를 반드시 거쳐야 합니다.
지금 진행되고 있는 행정통합은 사실상 지역의 민주주의를 위배하고 있는 것입니다.","Lastly, all integration processes must necessarily go through a democratic manual procedure through a residents’ referendum.
The administrative integration now underway is, in fact, violating local democracy.",Power: resources:-0.000; Universalism: nature:-0.000; Hedonism:-0.000; Humility:-0.000; Face:-0.000,Conformity: rules:0.230; Universalism: concern:0.114; Conformity: interpersonal:0.002; Tradition:0.001; Universalism: tolerance:0.001,umap,16.123666763305664,-11.19775390625,1
row007_claim01,민주당,02:25,이재명 정부와 더불어민주당은 수도권 중심 성장이 아닌 지방 주도 성장으로 대한민국의 재도약을 이끌어 나가겠습니다.,"The Lee Jae-myung government and the Democratic Party of Korea will lead South Korea’s leap forward through growth driven by the regions, not growth centered on the Seoul metropolitan area.",Self-direction: action:0.045; Achievement:0.040; Power: dominance:0.007; Stimulation:0.003; Power: resources:0.002,Universalism: concern:-0.000; Security: personal:-0.000; Conformity: interpersonal:-0.000; Benevolence: caring:-0.000; Conformity: rules:-0.000,umap,15.550555229187012,-9.439746856689453,1
row007_claim02,민주당,02:25,변화는 이미 시작되었습니다. 말만 있던 어 해수부의 부산 이전을 지난해 이미 완료했습니다.,"The change has already begun. We already completed last year the relocation of the Ministry of Oceans and Fisheries to Busan, which had only been talked about.",Stimulation:0.925; Universalism: nature:0.017; Security: societal:0.011; Power: resources:0.009; Self-direction: action:0.008,Security: personal:-0.001; Universalism: tolerance:-0.001; Benevolence: dependability:-0.001; Humility:-0.001; Tradition:-0.001,umap,12.842586517333984,-9.81787109375,1
row007_claim03,민주당,02:25,"또한 부산, 강원, 전북 제주 특별법 등 지방 주도 성장을 선도할 법안들이 아 곧 국회 통과를 앞두고 있습니다.","In addition, bills that will lead region-led growth, such as the special acts for Busan, Gangwon, Jeonbuk, and Jeju, are soon on the verge of passing the National Assembly.",Power: resources:0.901; Security: societal:0.086; Self-direction: action:0.019; Stimulation:0.008; Self-direction: thought:0.004,Humility:-0.000; Tradition:-0.000; Benevolence: dependability:-0.000; Hedonism:-0.000; Universalism: tolerance:-0.000,umap,14.6778564453125,-9.138323783874512,1
row007_claim04,민주당,02:25,지방에 실질적인 성장 동력을 불어넣기 위해 5급 3특 체제로의 행정통합도 추진되고 있습니다.,"Administrative consolidation into a 5th-grade, 3-special-case system is also being 추진ed in order to inject substantive growth momentum into the regions.",Power: resources:0.331; Achievement:0.317; Power: dominance:0.029; Self-direction: action:0.003; Security: societal:0.001,Benevolence: caring:-0.000; Hedonism:-0.000; Universalism: tolerance:-0.000; Tradition:-0.000; Universalism: concern:-0.000,umap,14.814698219299316,-9.774855613708496,1
row007_claim05,민주당,02:25,지난 3월 전남 광주 통합법이 처리되었고 오는 6월 단체장이 선출될 예정입니다.,"Last March, the integrated law for Gwangju in Jeollanam-do was processed, and the head of the local government is scheduled to be elected this coming June.",Conformity: rules:0.008; Universalism: concern:0.001; Self-direction: action:0.000; Power: dominance:0.000; Security: societal:0.000,Humility:-0.000; Hedonism:-0.000; Benevolence: dependability:-0.000; Universalism: nature:-0.000; Tradition:-0.000,umap,15.81483268737793,-9.936161041259766,1
row007_claim06,민주당,02:25,"통합 특별시에는 4년간 총 20조 원의 재정 지원, 투자, 환경 보증, 광역 교통 투자 등 집중 지원이 이루어질 것입니다.","The integrated special city will receive concentrated support over four years, including a total of 20 trillion won in fiscal assistance, investment, environmental guarantees, and broad-area transportation investment.",Power: resources:0.845; Achievement:0.156; Stimulation:0.059; Universalism: nature:0.035; Benevolence: caring:0.008,Conformity: rules:-0.000; Universalism: tolerance:-0.000; Security: personal:-0.000; Tradition:-0.000; Conformity: interpersonal:-0.001,umap,14.889849662780762,-8.810544967651367,1
row008_claim01,민주당,03:33,또한 이 모든 과정을 통합 특별시가 정책을 결정하고 집행할 수 있도록 법적 행정적 위상을 보장할 것입니다.,"In addition, it will ensure the legal and administrative status so that the integrated special city can decide and implement all these processes.",Conformity: rules:0.469; Self-direction: action:0.372; Power: dominance:0.081; Universalism: concern:0.009; Power: resources:0.003,Hedonism:-0.000; Humility:-0.000; Universalism: nature:-0.000; Face:-0.000; Security: personal:-0.000,umap,14.485103607177734,-7.947338581085205,3
row008_claim02,민주당,03:33,"이재명 정부는 합니다. 출범 7개월 만에 코스피 5천 원 시대를 열었고, 그 실력 그대로 지방 주도 성장을 완성해 나가겠습니다.","The Lee Jae-myung government will do it. Within seven months of its inauguration, it opened the KOSPI 5,000 era, and with that same capability, it will go on to complete region-led growth.",Achievement:0.958; Self-direction: action:0.040; Power: resources:0.026; Stimulation:0.012; Power: dominance:0.004,Security: personal:-0.000; Conformity: rules:-0.000; Security: societal:-0.000; Conformity: interpersonal:-0.000; Universalism: tolerance:-0.001,umap,15.180337905883789,-9.835718154907227,1
row008_claim03,민주당,03:33,전국 어디서나 다 잘 살 수 있는 민주당과 이재명 정부가 책임지고 해 나가겠습니다.,The Democratic Party and the Lee Jae-myung government will take responsibility and carry this out so that people can live well anywhere in the country.,Universalism: concern:0.929; Security: societal:0.153; Power: dominance:0.076; Conformity: rules:0.033; Benevolence: dependability:0.025,Universalism: nature:-0.000; Hedonism:-0.000; Humility:-0.001; Tradition:-0.001; Stimulation:-0.001,umap,12.863210678100586,-11.139168739318848,1
row010_claim01,개혁신당,04:01,아 선거철이 돌아올 때마다 지도 위의 선이 다시 그려집니다.,"Ah, every time election season comes around, the lines on the map are drawn again.",Power: dominance:0.006; Security: societal:0.002; Achievement:0.002; Stimulation:0.002; Power: resources:0.001,Security: personal:-0.000; Conformity: interpersonal:-0.000; Benevolence: caring:-0.000; Universalism: tolerance:-0.000; Humility:-0.000,umap,16.056228637695312,-10.362397193908691,1
row010_claim02,개혁신당,04:01,"목련이 피는 봄이 오면 김포는 서울이 된다던 그 약속 기억하십니까?
봄도 왔고 목련도 피웠습니다. 그러나 그 약속은 선고와 함께 사라졌습니다.","Do you remember that promise that when spring, when the magnolias bloomed, Gimpo would become Seoul?
Spring has come, and the magnolias have bloomed. However, that promise disappeared along with the ruling.",Self-direction: thought:0.000; Universalism: tolerance:-0.000; Self-direction: action:-0.000; Security: personal:-0.001; Power: dominance:-0.001,Stimulation:0.056; Benevolence: caring:0.053; Benevolence: dependability:0.048; Conformity: rules:0.048; Achievement:0.035,umap,15.507650375366211,-11.113070487976074,1
row010_claim03,개혁신당,04:01,이번 민주당의 행정구역 개편도 다르지 않습니다.,This Democratic Party’s administrative district reorganization is no different.,Universalism: concern:0.000; Security: societal:0.000; Self-direction: action:0.000; Achievement:0.000; Conformity: rules:0.000,Hedonism:-0.000; Face:-0.000; Humility:-0.000; Security: personal:-0.000; Tradition:-0.000,umap,15.230332374572754,-10.470192909240723,1
row010_claim04,개혁신당,04:01,"모두에게 특별이라는 타이틀은 붙였지만 결국 아무도 특별해지지 않았습니다.
행정 혼란만 가중했을 뿐 어떤 정책 철학도 시민이 체감할 실익도 없습니다.","Although everyone was given the title of “special,” in the end no one became special.
It only increased administrative confusion, and there is neither any policy philosophy nor any tangible benefit that citizens can feel.",Tradition:-0.000; Universalism: nature:-0.000; Self-direction: action:-0.000; Security: societal:-0.000; Hedonism:-0.000,Universalism: concern:0.082; Universalism: tolerance:0.035; Achievement:0.022; Conformity: interpersonal:0.007; Benevolence: caring:0.006,umap,16.48740577697754,-10.69252872467041,1
row010_claim05,개혁신당,04:01,더 근본적인 문제를 직시해야 합니다. 서울의 기능을 옥죄고 강제로 이전하면 지방이 살아난다는 환상 이것을 끝내야 합니다.,"We need to confront the more fundamental problem. We must end the illusion that if we strangle Seoul’s functions and forcibly relocate them, the provinces will come back to life.",Self-direction: action:0.712; Security: societal:0.151; Stimulation:0.021; Conformity: rules:0.012; Self-direction: thought:0.005,Humility:-0.000; Face:-0.000; Universalism: nature:-0.000; Universalism: tolerance:-0.000; Hedonism:-0.001,umap,13.628887176513672,-7.639789581298828,3
row010_claim06,개혁신당,04:01,"지금 혁신도시들이 어떻습니까? 지방에는 반쪽짜리 도시만 생겼고 서울은 성장 동력만 잃었습니다.
지역 균형 발전이라는 이름으로 국가 전체가 하향 평준화된 것입니다.","What are innovation cities like now? In the provinces, only half-finished cities have been created, and Seoul has lost only its growth engine. Under the name of balanced regional development, the entire country has been leveled downward.",Security: personal:-0.000; Tradition:-0.000; Conformity: interpersonal:-0.000; Universalism: tolerance:-0.000; Hedonism:-0.000,Power: resources:0.533; Achievement:0.387; Stimulation:0.110; Self-direction: action:0.015; Power: dominance:0.013,umap,15.864434242248535,-10.7307767868042,1
row011_claim01,개혁신당,04:54,"서울은 대한민국 경제의 심장으로서 제 기능을 다하게 하고 동시에 전국 각 지역이 고유한 산업 생태계로 자립하는 구조를 만드는 것, 그리고 행정구역의 선을 바꾸는 것이 아니라 산업과 재정의 구조를 바꾸는 것 이것이 진정한 균형 발전의 정책입니다.","Making Seoul function fully as the heart of the Republic of Korea’s economy, and at the same time creating a structure in which each region across the country becomes self-reliant as its own unique industrial ecosystem, and changing the structure of industry and finance rather than changing the lines of administrative districts—this is the policy of true balanced development.",Self-direction: action:0.455; Power: resources:0.436; Stimulation:0.329; Self-direction: thought:0.323; Universalism: concern:0.093,Security: personal:-0.004; Face:-0.004; Hedonism:-0.005; Humility:-0.006; Power: dominance:-0.008,umap,13.64453411102295,-8.52699089050293,3
row011_claim02,개혁신당,04:54,"지도를 다시 다시 그리는 것, 이것은 정치입니다.
그러나 삶을 다시 설계하는 것 그것이 정책입니다.
개혁신당은 정치가 아닌 정책으로 이 나라의 미래를 말하도록 하겠습니다.","Redrawing the map again and again, this is politics.  
But redesigning life—that is policy.  
The New Reform Party will speak about this country’s future through policy, not politics.",Stimulation:0.454; Self-direction: action:0.094; Self-direction: thought:0.021; Achievement:0.010; Power: dominance:0.005,Benevolence: caring:-0.000; Security: personal:-0.000; Benevolence: dependability:-0.000; Universalism: tolerance:-0.000; Conformity: interpersonal:-0.001,umap,13.347143173217773,-9.25057315826416,1
row013_claim01,국민의힘,05:30,"국가 균형 발전을 위한 지방자치 제도가 시작된 지가 30년이 지났습니다.
그러나 수도권 일극 체제는 고착되고 불평등과 불균형은 더욱 심화되고 있습니다.
지방 정부에 대한 실질적인 권한 이용이 없었기 때문입니다.
지방자치가 제대로 작동하여 경쟁력을 갖추려면 중앙 정부의 행정 재정 조세 인허가 권한을 지방 정부에 과감하게 이행해야 합니다.","It has been 30 years since the local autonomy system for balanced national development began.  
However, the one-pole system centered on the Seoul metropolitan area has become entrenched, and inequality and imbalance are deepening further.  
This is because there has been no substantial delegation of authority to local governments.  
For local autonomy to function properly and become competitive, the central government's administrative, fiscal, tax, and licensing-permit authorities must be boldly transferred to local governments.",Hedonism:-0.002; Humility:-0.002; Universalism: nature:-0.003; Security: personal:-0.006; Power: resources:-0.007,Universalism: concern:0.577; Power: dominance:0.393; Self-direction: action:0.161; Security: societal:0.109; Conformity: rules:0.094,umap,16.41642951965332,-11.391139030456543,2
row013_claim02,국민의힘,05:30,"그런데 지난 1월 16일 김민석 총리가 발표한 행정통합 방안을 보면 실망스럽습니다.
차관급 4명과 1급 보직 연간 5조 원 규모의 재정 지원, 공공기관 이전과 같은 유인책만 제시하며 행정 조세 인허가 등 조항 권한 이양에 대한 핵심은 빠져 있습니다.
이런 통합은 재정 지원 중심 정책에 머물 수밖에 없습니다.","However, if you look at the administrative integration plan announced by Prime Minister Kim Min-seok on January 16, it is disappointing.  
It only presents incentives such as four vice-minister-level positions, 1st-grade posts, 5 trillion won in annual financial support, and relocation of public institutions, while leaving out the core issue of transferring authority over provisions such as administration, taxation, and permits.  
Such integration can only remain a policy centered on financial support.",Power: resources:0.255; Stimulation:0.064; Power: dominance:0.037; Benevolence: caring:0.030; Benevolence: dependability:0.018,Universalism: concern:0.001; Face:0.000; Universalism: tolerance:0.000; Tradition:-0.000; Security: personal:-0.000,umap,14.445700645446777,-9.655569076538086,1
row013_claim03,국민의힘,05:30,"특히 선거를 앞둔 시점에서 추진되어 국민들은 포퓰리즘 정책이라고 의구심을 가질 수밖에 없습니다.
지방분권을 통한 지역 통합은 국가의 백년지대계입니다.
그래서 우리 국민의힘 입장은 명확합니다. 행정통합하려면 제대로 해야 합니다.","Especially at a time approaching an election, the public cannot help but suspect that it is a populist policy.
Regional integration through decentralization is a hundred-year national plan.
So our People Power Party’s position is clear. If administrative integration is to be carried out, it must be done properly.",Self-direction: thought:0.182; Universalism: tolerance:0.049; Universalism: concern:0.045; Conformity: interpersonal:0.030; Face:0.018,Universalism: nature:-0.000; Achievement:-0.000; Power: resources:-0.000; Security: personal:-0.000; Hedonism:-0.001,umap,15.653669357299805,-10.166224479675293,1
row014_claim01,국민의힘,06:43,"먼저 중앙정부가 지방 정부의 협의체를 구성해 권한 이양 범위를 명확히 해야 합니다.
이후 법제화 단계에서 충분한 의견 수렴 절차를 통해 지역의 현실을 반영하고 국민 공감대를 넓혀야 합니다.","First, the central government should form a consultative body with local governments to clearly define the scope of authority transfer.  
After that, at the stage of legislation, sufficient opinion-gathering procedures should be used to reflect local realities and broaden public consensus.",Benevolence: dependability:0.387; Conformity: interpersonal:0.170; Power: dominance:0.080; Self-direction: thought:0.055; Self-direction: action:0.020,Achievement:-0.000; Security: personal:-0.000; Hedonism:-0.000; Universalism: nature:-0.000; Tradition:-0.001,umap,16.20708465576172,-9.366765022277832,1
row016_claim01,조국혁신당,07:06,주거 혁신의 제7공화국 비전에는 지역 균형 발전이 포함돼 있습니다.,The vision of the 7th Republic for housing innovation includes balanced regional development.,Stimulation:0.928; Universalism: concern:0.029; Security: societal:0.027; Self-direction: thought:0.018; Self-direction: action:0.013,Security: personal:-0.000; Conformity: interpersonal:-0.000; Face:-0.001; Humility:-0.001; Conformity: rules:-0.001,umap,12.37774658203125,-9.55739688873291,1
row016_claim02,조국혁신당,07:06,시대에 뒤떨어진 중앙집권적 개발 국가 체제를 극복하고 분권과 자치를 폭넓게 실현하는 자치분권 공화국이 바로 제7공화국입니다.,A self-governing decentralized republic that overcomes the outdated centralized developmental state system and broadly realizes decentralization and autonomy is the Seventh Republic.,Self-direction: action:0.775; Self-direction: thought:0.224; Stimulation:0.081; Tradition:0.019; Security: societal:0.012,Face:-0.000; Humility:-0.001; Achievement:-0.001; Power: resources:-0.001; Benevolence: dependability:-0.001,umap,13.42494010925293,-7.441158294677734,3
row016_claim03,조국혁신당,07:06,지역 균형 발전을 위한 방안도 여러 차례 밝혔습니다.,I have also stated on multiple occasions measures for balanced regional development.,Security: societal:0.145; Self-direction: action:0.110; Universalism: concern:0.079; Self-direction: thought:0.023; Stimulation:0.011,Face:-0.000; Humility:-0.000; Security: personal:-0.000; Hedonism:-0.000; Tradition:-0.000,umap,13.94234561920166,-10.280997276306152,1
row016_claim04,조국혁신당,07:06,강릉에서는 국가 균형 발전과 지방 소멸 위기 극복을 위한 균형 발전 특별회계의 정부 지원액을 현실에 맞게 대폭 늘릴 것을 제안했습니다.,"In Gangneung, it was proposed to drastically increase the government’s support amount for the Special Account for Balanced Development, in line with reality, in order to achieve balanced national development and overcome the crisis of regional extinction.",Security: societal:0.890; Universalism: nature:0.591; Power: resources:0.027; Universalism: concern:0.026; Self-direction: action:0.015,Face:-0.000; Humility:-0.000; Hedonism:-0.001; Security: personal:-0.001; Conformity: interpersonal:-0.001,umap,14.85754680633545,-11.018872261047363,1
row016_claim05,조국혁신당,07:06,"22대 개헌 이후에는 곧바로 국회와 대통령실을 세종특별자치시로 완전 이전하는 행정수도 건설을 위한 특별법을 당론 발의했으며, 서울에 있을 아무런 이유가 없는 대법원과 그 부속기관을 대구 등 지방으로 이전하는 법안도 발의했습니다.","After the 22nd constitutional amendment, we immediately introduced as a party line a special law for building an administrative capital that would completely relocate the National Assembly and the Presidential Office to Sejong Special Self-Governing City, and we also introduced a bill to relocate the Supreme Court and its affiliated institutions, which have no reason whatsoever to remain in Seoul, to Daegu and other regions.",Self-direction: action:0.368; Power: dominance:0.271; Power: resources:0.124; Stimulation:0.052; Conformity: rules:0.024,Humility:-0.000; Benevolence: dependability:-0.001; Universalism: tolerance:-0.001; Benevolence: caring:-0.001; Security: personal:-0.001,umap,14.158855438232422,-8.287338256835938,3
row016_claim06,조국혁신당,07:06,"수도권으로의 청년층 순 이동의 흐름을 보면 최근 20년간 수도권으로 순유입이 지속되었고 그 이유는 직업과 교육, 주거 환경 때문이라고 합니다.","Looking at the net migration flow of young people into the metropolitan area, net inflow into the metropolitan area has continued over the past 20 years, and the reason is said to be jobs, education, and the housing environment.",Security: societal:0.139; Power: resources:0.042; Achievement:0.012; Universalism: concern:0.005; Self-direction: action:0.001,Hedonism:-0.000; Humility:-0.000; Benevolence: dependability:-0.000; Face:-0.000; Conformity: rules:-0.000,umap,14.397833824157715,-10.446548461914062,1
row017_claim01,조국혁신당,08:08,"향후 지속될 수도권의 집중 현상을 반전시키기 위해서는 비수도권에도 직업과 교육, 주거 환경을 발전시켜야 합니다.","To reverse the concentration phenomenon in the capital region that may continue in the future, job opportunities, education, and housing conditions must also be developed in the non-capital regions.",Stimulation:0.224; Self-direction: action:0.218; Power: resources:0.139; Benevolence: caring:0.072; Universalism: concern:0.054,Humility:-0.000; Face:-0.000; Universalism: tolerance:-0.000; Tradition:-0.001; Hedonism:-0.001,umap,13.907718658447266,-8.921249389648438,1
row017_claim02,조국혁신당,08:08,"한편 지역균형 발전과 반드시 함께 가야 하는 것이 있습니다.
바로 정치 개혁입니다.","Meanwhile, there is something that must go together with balanced regional development.
That is political reform.",Stimulation:0.361; Universalism: concern:0.123; Self-direction: action:0.097; Security: societal:0.048; Conformity: rules:0.042,Security: personal:-0.000; Humility:-0.000; Face:-0.000; Hedonism:-0.000; Universalism: nature:-0.000,umap,13.72352409362793,-9.576223373413086,1
row017_claim03,조국혁신당,08:08,현재 개혁진보 4당은 국회 본청 앞에서 천막 농성을 하고 있으며 어제는 간절한 마음으로 담아 3부 1배까지 하겠습니다.,"The four reform-progressive parties are currently holding a tent sit-in in front of the National Assembly main building, and yesterday, with desperate hearts, we will even do the “three bows for one prostration.”",Self-direction: action:0.629; Tradition:0.069; Hedonism:0.021; Stimulation:0.020; Achievement:0.016,Universalism: nature:-0.000; Security: personal:-0.000; Power: resources:-0.000; Security: societal:-0.000; Power: dominance:-0.001,umap,14.115255355834961,-7.416686534881592,3
