sample_id,language,expected_primary,expected_direction,value,attained,constrained,presence,signed_score,text
benevolence,EN,BENEVOLENCE,support,Self-direction: thought,0.002428531151963398,0.00047322828322649,0.002428531151963398,0.001955302868736908,"In this budget, we should first protect the residents who will be hurt the most and make sure nobody is left alone."
benevolence,EN,BENEVOLENCE,support,Self-direction: action,0.0011727396631613374,0.00036443807766772807,0.0011727396631613374,0.0008083015854936093,"In this budget, we should first protect the residents who will be hurt the most and make sure nobody is left alone."
benevolence,EN,BENEVOLENCE,support,Stimulation,0.0013399627059698105,0.0004669514892157167,0.0013399627059698105,0.0008730112167540938,"In this budget, we should first protect the residents who will be hurt the most and make sure nobody is left alone."
benevolence,EN,BENEVOLENCE,support,Hedonism,0.00046773135961432544,0.0012967173825018108,0.0012967173825018108,-0.0008289860228874854,"In this budget, we should first protect the residents who will be hurt the most and make sure nobody is left alone."
benevolence,EN,BENEVOLENCE,support,Achievement,0.00036121533152514275,0.0014682394685223699,0.0014682394685223699,-0.0011070241369972272,"In this budget, we should first protect the residents who will be hurt the most and make sure nobody is left alone."
benevolence,EN,BENEVOLENCE,support,Power: dominance,0.0020088288666946547,0.006174424973626932,0.006174424973626932,-0.004165596106932278,"In this budget, we should first protect the residents who will be hurt the most and make sure nobody is left alone."
benevolence,EN,BENEVOLENCE,support,Power: resources,0.003217431658413261,0.0030816595535725355,0.003217431658413261,0.00013577210484072566,"In this budget, we should first protect the residents who will be hurt the most and make sure nobody is left alone."
benevolence,EN,BENEVOLENCE,support,Face,0.00206071519642137,0.0023451783636119217,0.0023451783636119217,-0.00028446316719055176,"In this budget, we should first protect the residents who will be hurt the most and make sure nobody is left alone."
benevolence,EN,BENEVOLENCE,support,Security: personal,0.0451968889683485,0.028904415667057037,0.0451968889683485,0.016292473301291466,"In this budget, we should first protect the residents who will be hurt the most and make sure nobody is left alone."
benevolence,EN,BENEVOLENCE,support,Security: societal,0.00946368440054357,0.001610876526683569,0.00946368440054357,0.007852807873860002,"In this budget, we should first protect the residents who will be hurt the most and make sure nobody is left alone."
benevolence,EN,BENEVOLENCE,support,Tradition,0.0011683005141094327,0.0007364301127381623,0.0011683005141094327,0.0004318704013712704,"In this budget, we should first protect the residents who will be hurt the most and make sure nobody is left alone."
benevolence,EN,BENEVOLENCE,support,Conformity: rules,0.0004664015917417904,0.0073165493085980415,0.0073165493085980415,-0.0068501477168562514,"In this budget, we should first protect the residents who will be hurt the most and make sure nobody is left alone."
benevolence,EN,BENEVOLENCE,support,Conformity: interpersonal,0.009070642990991473,0.002768765746926268,0.009070642990991473,0.006301877244065205,"In this budget, we should first protect the residents who will be hurt the most and make sure nobody is left alone."
benevolence,EN,BENEVOLENCE,support,Humility,0.003838769916910678,0.5000542697816854,0.5000542697816854,-0.49621549986477476,"In this budget, we should first protect the residents who will be hurt the most and make sure nobody is left alone."
benevolence,EN,BENEVOLENCE,support,Benevolence: caring,0.08690444752573967,0.005067374440841377,0.08690444752573967,0.08183707308489829,"In this budget, we should first protect the residents who will be hurt the most and make sure nobody is left alone."
benevolence,EN,BENEVOLENCE,support,Benevolence: dependability,0.012903742026537657,0.001188291935250163,0.012903742026537657,0.011715450091287494,"In this budget, we should first protect the residents who will be hurt the most and make sure nobody is left alone."
benevolence,EN,BENEVOLENCE,support,Universalism: concern,0.9596621709711411,0.17589915543794632,0.9596621709711411,0.7837630155331948,"In this budget, we should first protect the residents who will be hurt the most and make sure nobody is left alone."
benevolence,EN,BENEVOLENCE,support,Universalism: nature,0.005285833030939102,0.0020370296260807663,0.005285833030939102,0.003248803404858336,"In this budget, we should first protect the residents who will be hurt the most and make sure nobody is left alone."
benevolence,EN,BENEVOLENCE,support,Universalism: tolerance,0.00337792350910604,0.0003556741285137832,0.00337792350910604,0.003022249380592257,"In this budget, we should first protect the residents who will be hurt the most and make sure nobody is left alone."
universalism,EN,UNIVERSALISM,support,Self-direction: thought,0.0033727361005730927,0.0002518241914610068,0.0033727361005730927,0.003120911909112086,"The policy should treat migrants, disabled citizens, and local residents with equal dignity and protect the environment they share."
universalism,EN,UNIVERSALISM,support,Self-direction: action,0.005809966009110212,0.0005999758723191917,0.005809966009110212,0.005209990136791021,"The policy should treat migrants, disabled citizens, and local residents with equal dignity and protect the environment they share."
universalism,EN,UNIVERSALISM,support,Stimulation,0.0006251368904486299,0.00012669462012127042,0.0006251368904486299,0.0004984422703273594,"The policy should treat migrants, disabled citizens, and local residents with equal dignity and protect the environment they share."
universalism,EN,UNIVERSALISM,support,Hedonism,0.0015638331283948253,0.00020345255810146531,0.0015638331283948253,0.00136038057029336,"The policy should treat migrants, disabled citizens, and local residents with equal dignity and protect the environment they share."
universalism,EN,UNIVERSALISM,support,Achievement,0.0010852576399754202,0.0005734800943173468,0.0010852576399754202,0.0005117775456580733,"The policy should treat migrants, disabled citizens, and local residents with equal dignity and protect the environment they share."
universalism,EN,UNIVERSALISM,support,Power: dominance,0.0021233276597091132,0.002137385308742523,0.002137385308742523,-1.405764903340996e-05,"The policy should treat migrants, disabled citizens, and local residents with equal dignity and protect the environment they share."
universalism,EN,UNIVERSALISM,support,Power: resources,0.0027679663617163897,0.00141564616933465,0.0027679663617163897,0.0013523201923817396,"The policy should treat migrants, disabled citizens, and local residents with equal dignity and protect the environment they share."
universalism,EN,UNIVERSALISM,support,Face,0.0019643457198981196,0.00048101574066095054,0.0019643457198981196,0.001483329979237169,"The policy should treat migrants, disabled citizens, and local residents with equal dignity and protect the environment they share."
universalism,EN,UNIVERSALISM,support,Security: personal,0.003521768085192889,0.0012842345555933814,0.003521768085192889,0.0022375335295995074,"The policy should treat migrants, disabled citizens, and local residents with equal dignity and protect the environment they share."
universalism,EN,UNIVERSALISM,support,Security: societal,0.003110601392108947,0.00043866070336662233,0.003110601392108947,0.0026719406887423247,"The policy should treat migrants, disabled citizens, and local residents with equal dignity and protect the environment they share."
universalism,EN,UNIVERSALISM,support,Tradition,0.0045793503522872925,0.000871469615958631,0.0045793503522872925,0.0037078807363286614,"The policy should treat migrants, disabled citizens, and local residents with equal dignity and protect the environment they share."
universalism,EN,UNIVERSALISM,support,Conformity: rules,0.005823378451168537,0.009233794019867977,0.009233794019867977,-0.00341041556869944,"The policy should treat migrants, disabled citizens, and local residents with equal dignity and protect the environment they share."
universalism,EN,UNIVERSALISM,support,Conformity: interpersonal,0.004521064111031592,0.0013469837722368538,0.004521064111031592,0.003174080338794738,"The policy should treat migrants, disabled citizens, and local residents with equal dignity and protect the environment they share."
universalism,EN,UNIVERSALISM,support,Humility,0.005885862046852708,0.5000684984479449,0.5000684984479449,-0.49418263640109217,"The policy should treat migrants, disabled citizens, and local residents with equal dignity and protect the environment they share."
universalism,EN,UNIVERSALISM,support,Benevolence: caring,0.004102193051949143,0.0010838832531590015,0.004102193051949143,0.003018309798790142,"The policy should treat migrants, disabled citizens, and local residents with equal dignity and protect the environment they share."
universalism,EN,UNIVERSALISM,support,Benevolence: dependability,0.004150205058977008,0.0002607346868899185,0.004150205058977008,0.0038894703720870893,"The policy should treat migrants, disabled citizens, and local residents with equal dignity and protect the environment they share."
universalism,EN,UNIVERSALISM,support,Universalism: concern,0.8927617073059082,0.017687419895082712,0.8927617073059082,0.8750742874108255,"The policy should treat migrants, disabled citizens, and local residents with equal dignity and protect the environment they share."
universalism,EN,UNIVERSALISM,support,Universalism: nature,0.46454261988401413,0.011067911982536316,0.46454261988401413,0.4534747079014778,"The policy should treat migrants, disabled citizens, and local residents with equal dignity and protect the environment they share."
universalism,EN,UNIVERSALISM,support,Universalism: tolerance,0.021732661873102188,0.004056361212860793,0.021732661873102188,0.017676300660241395,"The policy should treat migrants, disabled citizens, and local residents with equal dignity and protect the environment they share."
self_direction,EN,SELF-DIRECTION,support,Self-direction: thought,0.30997931957244873,0.0026462291134521365,0.30997931957244873,0.3073330904589966,Each neighborhood should be allowed to design its own solution instead of being forced into one central plan.
self_direction,EN,SELF-DIRECTION,support,Self-direction: action,0.9429414669672649,0.11580274254083633,0.9429414669672649,0.8271387244264286,Each neighborhood should be allowed to design its own solution instead of being forced into one central plan.
self_direction,EN,SELF-DIRECTION,support,Stimulation,0.15429717302322388,0.002323227934539318,0.15429717302322388,0.15197394508868456,Each neighborhood should be allowed to design its own solution instead of being forced into one central plan.
self_direction,EN,SELF-DIRECTION,support,Hedonism,0.0013703813809635384,0.002584623289294541,0.002584623289294541,-0.0012142419083310024,Each neighborhood should be allowed to design its own solution instead of being forced into one central plan.
self_direction,EN,SELF-DIRECTION,support,Achievement,0.0005261547214883779,0.00913617666810751,0.00913617666810751,-0.008610021946619131,Each neighborhood should be allowed to design its own solution instead of being forced into one central plan.
self_direction,EN,SELF-DIRECTION,support,Power: dominance,0.0077542948669620925,0.013059251941740513,0.013059251941740513,-0.00530495707477842,Each neighborhood should be allowed to design its own solution instead of being forced into one central plan.
self_direction,EN,SELF-DIRECTION,support,Power: resources,0.004556660715024918,0.0012127563823014498,0.004556660715024918,0.0033439043327234685,Each neighborhood should be allowed to design its own solution instead of being forced into one central plan.
self_direction,EN,SELF-DIRECTION,support,Face,0.005086424644105136,0.0012328667799010873,0.005086424644105136,0.003853557864204049,Each neighborhood should be allowed to design its own solution instead of being forced into one central plan.
self_direction,EN,SELF-DIRECTION,support,Security: personal,0.003420685534365475,0.0035496032796800137,0.0035496032796800137,-0.00012891774531453848,Each neighborhood should be allowed to design its own solution instead of being forced into one central plan.
self_direction,EN,SELF-DIRECTION,support,Security: societal,0.0011907333828276023,0.001334190834313631,0.001334190834313631,-0.00014345745148602873,Each neighborhood should be allowed to design its own solution instead of being forced into one central plan.
self_direction,EN,SELF-DIRECTION,support,Tradition,0.0023076875368133187,0.005329872015863657,0.005329872015863657,-0.0030221844790503383,Each neighborhood should be allowed to design its own solution instead of being forced into one central plan.
self_direction,EN,SELF-DIRECTION,support,Conformity: rules,0.0007656174905908605,0.006480996186534564,0.006480996186534564,-0.005715378695943704,Each neighborhood should be allowed to design its own solution instead of being forced into one central plan.
self_direction,EN,SELF-DIRECTION,support,Conformity: interpersonal,0.0107798189856112,0.007031884354849657,0.0107798189856112,0.0037479346307615433,Each neighborhood should be allowed to design its own solution instead of being forced into one central plan.
self_direction,EN,SELF-DIRECTION,support,Humility,0.0035797286545857787,0.5006497567519546,0.5006497567519546,-0.4970700280973688,Each neighborhood should be allowed to design its own solution instead of being forced into one central plan.
self_direction,EN,SELF-DIRECTION,support,Benevolence: caring,0.004425312702854475,0.008334522135555744,0.008334522135555744,-0.003909209432701269,Each neighborhood should be allowed to design its own solution instead of being forced into one central plan.
self_direction,EN,SELF-DIRECTION,support,Benevolence: dependability,0.0034748914185911417,0.000370071611541789,0.0034748914185911417,0.0031048198070493527,Each neighborhood should be allowed to design its own solution instead of being forced into one central plan.
self_direction,EN,SELF-DIRECTION,support,Universalism: concern,0.01220683955277006,0.0011839640501420945,0.01220683955277006,0.011022875502627965,Each neighborhood should be allowed to design its own solution instead of being forced into one central plan.
self_direction,EN,SELF-DIRECTION,support,Universalism: nature,0.004065153480041772,0.002039975515799597,0.004065153480041772,0.0020251779642421752,Each neighborhood should be allowed to design its own solution instead of being forced into one central plan.
self_direction,EN,SELF-DIRECTION,support,Universalism: tolerance,0.014878896996378899,0.0022282148711383343,0.014878896996378899,0.012650682125240564,Each neighborhood should be allowed to design its own solution instead of being forced into one central plan.
stimulation,EN,STIMULATION,support,Self-direction: thought,0.23931460455060005,0.0025933612293253345,0.23931460455060005,0.23672124332127473,We should test a bold pilot program because the current process is too predictable and cannot reveal new opportunities.
stimulation,EN,STIMULATION,support,Self-direction: action,0.2654770612716675,0.015375528484582901,0.2654770612716675,0.2501015327870846,We should test a bold pilot program because the current process is too predictable and cannot reveal new opportunities.
stimulation,EN,STIMULATION,support,Stimulation,0.8068371216456096,0.0057258279994130135,0.8068371216456096,0.8011112936461966,We should test a bold pilot program because the current process is too predictable and cannot reveal new opportunities.
stimulation,EN,STIMULATION,support,Hedonism,0.01277711508529527,0.005969714839011431,0.01277711508529527,0.006807400246283839,We should test a bold pilot program because the current process is too predictable and cannot reveal new opportunities.
stimulation,EN,STIMULATION,support,Achievement,0.011277080380490849,0.03384259715676308,0.03384259715676308,-0.022565516776272228,We should test a bold pilot program because the current process is too predictable and cannot reveal new opportunities.
stimulation,EN,STIMULATION,support,Power: dominance,0.0007314657393310751,0.006373771854365866,0.006373771854365866,-0.00564230611503479,We should test a bold pilot program because the current process is too predictable and cannot reveal new opportunities.
stimulation,EN,STIMULATION,support,Power: resources,0.010502671357244253,0.0014835440088063478,0.010502671357244253,0.009019127348437905,We should test a bold pilot program because the current process is too predictable and cannot reveal new opportunities.
stimulation,EN,STIMULATION,support,Face,0.008043281268328428,0.001421745982952416,0.008043281268328428,0.006621535285376012,We should test a bold pilot program because the current process is too predictable and cannot reveal new opportunities.
stimulation,EN,STIMULATION,support,Security: personal,0.004033413133583963,0.006935895265390476,0.006935895265390476,-0.0029024821318065133,We should test a bold pilot program because the current process is too predictable and cannot reveal new opportunities.
stimulation,EN,STIMULATION,support,Security: societal,0.002604477049317211,0.0047443341463804245,0.0047443341463804245,-0.0021398570970632136,We should test a bold pilot program because the current process is too predictable and cannot reveal new opportunities.
stimulation,EN,STIMULATION,support,Tradition,0.0020155209737519426,0.0019635248463600874,0.0020155209737519426,5.199612739185521e-05,We should test a bold pilot program because the current process is too predictable and cannot reveal new opportunities.
stimulation,EN,STIMULATION,support,Conformity: rules,0.0007230716194802275,0.0015442639899750552,0.0015442639899750552,-0.0008211923704948277,We should test a bold pilot program because the current process is too predictable and cannot reveal new opportunities.
stimulation,EN,STIMULATION,support,Conformity: interpersonal,0.006104836938902736,0.00752911592523257,0.00752911592523257,-0.001424278986329834,We should test a bold pilot program because the current process is too predictable and cannot reveal new opportunities.
stimulation,EN,STIMULATION,support,Humility,0.005381375667639077,0.5007935838075355,0.5007935838075355,-0.4954122081398964,We should test a bold pilot program because the current process is too predictable and cannot reveal new opportunities.
stimulation,EN,STIMULATION,support,Benevolence: caring,0.001236874086316675,0.0018631956481840461,0.0018631956481840461,-0.0006263215618673712,We should test a bold pilot program because the current process is too predictable and cannot reveal new opportunities.
stimulation,EN,STIMULATION,support,Benevolence: dependability,0.0009868567576631904,0.00046734163333894685,0.0009868567576631904,0.0005195151243242435,We should test a bold pilot program because the current process is too predictable and cannot reveal new opportunities.
stimulation,EN,STIMULATION,support,Universalism: concern,0.0024490533784652753,0.0005263101047603413,0.0024490533784652753,0.001922743273704934,We should test a bold pilot program because the current process is too predictable and cannot reveal new opportunities.
stimulation,EN,STIMULATION,support,Universalism: nature,0.004021765198558569,0.0021697452757507563,0.004021765198558569,0.0018520199228078127,We should test a bold pilot program because the current process is too predictable and cannot reveal new opportunities.
stimulation,EN,STIMULATION,support,Universalism: tolerance,0.0011991527862846851,0.0011402315431041643,0.0011991527862846851,5.892124318052083e-05,We should test a bold pilot program because the current process is too predictable and cannot reveal new opportunities.
hedonism,EN,HEDONISM,support,Self-direction: thought,0.01065452815964818,0.0007384889856136094,0.01065452815964818,0.009916039174034571,"The public space should also be enjoyable, with music, food, and places where people can relax after work."
hedonism,EN,HEDONISM,support,Self-direction: action,0.005525971297174692,0.0026507012080401182,0.005525971297174692,0.002875270089134574,"The public space should also be enjoyable, with music, food, and places where people can relax after work."
hedonism,EN,HEDONISM,support,Stimulation,0.03211815655231476,0.0009541015606373549,0.03211815655231476,0.031164054991677403,"The public space should also be enjoyable, with music, food, and places where people can relax after work."
hedonism,EN,HEDONISM,support,Hedonism,0.526977355663593,0.000867611476375411,0.526977355663593,0.5261097441872177,"The public space should also be enjoyable, with music, food, and places where people can relax after work."
hedonism,EN,HEDONISM,support,Achievement,0.010415718757680485,0.004867256619036198,0.010415718757680485,0.0055484621386442876,"The public space should also be enjoyable, with music, food, and places where people can relax after work."
hedonism,EN,HEDONISM,support,Power: dominance,0.001008020481094718,0.0011045495436216395,0.0011045495436216395,-9.65290625269215e-05,"The public space should also be enjoyable, with music, food, and places where people can relax after work."
hedonism,EN,HEDONISM,support,Power: resources,0.010599211091175675,0.001542896730825305,0.010599211091175675,0.00905631436035037,"The public space should also be enjoyable, with music, food, and places where people can relax after work."
hedonism,EN,HEDONISM,support,Face,0.005269490065984428,0.0006146314990473911,0.005269490065984428,0.004654858566937037,"The public space should also be enjoyable, with music, food, and places where people can relax after work."
hedonism,EN,HEDONISM,support,Security: personal,0.0028025786741636693,0.002404816138247649,0.0028025786741636693,0.0003977625359160202,"The public space should also be enjoyable, with music, food, and places where people can relax after work."
hedonism,EN,HEDONISM,support,Security: societal,0.0014793407171964645,0.0015183149371296167,0.0015183149371296167,-3.89742199331522e-05,"The public space should also be enjoyable, with music, food, and places where people can relax after work."
hedonism,EN,HEDONISM,support,Tradition,0.004749510359639923,0.0012263802345842123,0.004749510359639923,0.0035231301250557108,"The public space should also be enjoyable, with music, food, and places where people can relax after work."
hedonism,EN,HEDONISM,support,Conformity: rules,0.0025457054531822605,0.007507689297199249,0.007507689297199249,-0.004961983844016989,"The public space should also be enjoyable, with music, food, and places where people can relax after work."
hedonism,EN,HEDONISM,support,Conformity: interpersonal,0.002017034712480381,0.003999260176594059,0.003999260176594059,-0.001982225464113678,"The public space should also be enjoyable, with music, food, and places where people can relax after work."
hedonism,EN,HEDONISM,support,Humility,0.002683364728000015,0.5001216780219693,0.5001216780219693,-0.49743831329396926,"The public space should also be enjoyable, with music, food, and places where people can relax after work."
hedonism,EN,HEDONISM,support,Benevolence: caring,0.001773071902183195,0.0012781382247339934,0.001773071902183195,0.0004949336774492017,"The public space should also be enjoyable, with music, food, and places where people can relax after work."
hedonism,EN,HEDONISM,support,Benevolence: dependability,0.0010294990109590194,0.001400405599270016,0.001400405599270016,-0.00037090658831099655,"The public space should also be enjoyable, with music, food, and places where people can relax after work."
hedonism,EN,HEDONISM,support,Universalism: concern,0.005955526527638237,0.001121418536058627,0.005955526527638237,0.00483410799157961,"The public space should also be enjoyable, with music, food, and places where people can relax after work."
hedonism,EN,HEDONISM,support,Universalism: nature,0.019257753156125546,0.002650451206136495,0.019257753156125546,0.01660730194998905,"The public space should also be enjoyable, with music, food, and places where people can relax after work."
hedonism,EN,HEDONISM,support,Universalism: tolerance,0.002120649442076683,0.0004946981789544225,0.002120649442076683,0.0016259512631222606,"The public space should also be enjoyable, with music, food, and places where people can relax after work."
achievement,EN,ACHIEVEMENT,support,Self-direction: thought,0.00403272541007027,0.001208843217076113,0.00403272541007027,0.0028238821929941573,The project should set measurable targets and reward the teams that deliver the strongest results.
achievement,EN,ACHIEVEMENT,support,Self-direction: action,0.004067231435328722,0.001850171945989132,0.004067231435328722,0.00221705948933959,The project should set measurable targets and reward the teams that deliver the strongest results.
achievement,EN,ACHIEVEMENT,support,Stimulation,0.00359684438444674,0.0006735828355886042,0.00359684438444674,0.002923261548858136,The project should set measurable targets and reward the teams that deliver the strongest results.
achievement,EN,ACHIEVEMENT,support,Hedonism,0.0037933759657399996,0.0007057792390696704,0.0037933759657399996,0.003087596726670329,The project should set measurable targets and reward the teams that deliver the strongest results.
achievement,EN,ACHIEVEMENT,support,Achievement,0.9943310480851393,0.10842721164226532,0.9943310480851393,0.885903836442874,The project should set measurable targets and reward the teams that deliver the strongest results.
achievement,EN,ACHIEVEMENT,support,Power: dominance,0.017578983679413795,0.018353606574237347,0.018353606574237347,-0.0007746228948235512,The project should set measurable targets and reward the teams that deliver the strongest results.
achievement,EN,ACHIEVEMENT,support,Power: resources,0.04228813573718071,0.007797356229275465,0.04228813573718071,0.034490779507905245,The project should set measurable targets and reward the teams that deliver the strongest results.
achievement,EN,ACHIEVEMENT,support,Face,0.009816301753744483,0.004489148268476129,0.009816301753744483,0.005327153485268354,The project should set measurable targets and reward the teams that deliver the strongest results.
achievement,EN,ACHIEVEMENT,support,Security: personal,0.010498784249648452,0.005347269664828977,0.010498784249648452,0.005151514584819475,The project should set measurable targets and reward the teams that deliver the strongest results.
achievement,EN,ACHIEVEMENT,support,Security: societal,0.0021729039144702256,0.00018002334400080144,0.0021729039144702256,0.001992880570469424,The project should set measurable targets and reward the teams that deliver the strongest results.
achievement,EN,ACHIEVEMENT,support,Tradition,0.0009805930312722921,0.0011574751697480679,0.0011574751697480679,-0.00017688213847577572,The project should set measurable targets and reward the teams that deliver the strongest results.
achievement,EN,ACHIEVEMENT,support,Conformity: rules,0.013809041120111942,0.005576778979351124,0.013809041120111942,0.008232262140760819,The project should set measurable targets and reward the teams that deliver the strongest results.
achievement,EN,ACHIEVEMENT,support,Conformity: interpersonal,0.002743626246228814,0.0032223821229611835,0.0032223821229611835,-0.0004787558767323694,The project should set measurable targets and reward the teams that deliver the strongest results.
achievement,EN,ACHIEVEMENT,support,Humility,0.011782677611336112,0.5014254793059081,0.5014254793059081,-0.48964280169457197,The project should set measurable targets and reward the teams that deliver the strongest results.
achievement,EN,ACHIEVEMENT,support,Benevolence: caring,0.000482297424847881,0.0019202701514586806,0.0019202701514586806,-0.0014379727266107996,The project should set measurable targets and reward the teams that deliver the strongest results.
achievement,EN,ACHIEVEMENT,support,Benevolence: dependability,0.005048583649719755,0.0007779364386806265,0.005048583649719755,0.004270647211039129,The project should set measurable targets and reward the teams that deliver the strongest results.
achievement,EN,ACHIEVEMENT,support,Universalism: concern,0.0020843627862632275,0.0011513753997860476,0.0020843627862632275,0.0009329873864771798,The project should set measurable targets and reward the teams that deliver the strongest results.
achievement,EN,ACHIEVEMENT,support,Universalism: nature,0.0026571584749035537,0.002414439804852009,0.0026571584749035537,0.0002427186700515449,The project should set measurable targets and reward the teams that deliver the strongest results.
achievement,EN,ACHIEVEMENT,support,Universalism: tolerance,0.0028539940249174833,0.002440979442326352,0.0028539940249174833,0.00041301458259113133,The project should set measurable targets and reward the teams that deliver the strongest results.
power,EN,POWER,support,Self-direction: thought,0.00972204958088696,0.004870317643508315,0.00972204958088696,0.004851731937378645,The city needs clear authority over the process so it can control resources and enforce the final decision.
power,EN,POWER,support,Self-direction: action,0.04731389880180359,0.032202426344156265,0.04731389880180359,0.015111472457647324,The city needs clear authority over the process so it can control resources and enforce the final decision.
power,EN,POWER,support,Stimulation,0.0022524085361510515,0.0004606518195942044,0.0022524085361510515,0.001791756716556847,The city needs clear authority over the process so it can control resources and enforce the final decision.
power,EN,POWER,support,Hedonism,0.0003274730780893671,0.0002466527318271498,0.0003274730780893671,8.08203462622173e-05,The city needs clear authority over the process so it can control resources and enforce the final decision.
power,EN,POWER,support,Achievement,0.009689893174384323,0.0013059553457424045,0.009689893174384323,0.008383937828641918,The city needs clear authority over the process so it can control resources and enforce the final decision.
power,EN,POWER,support,Power: dominance,0.9916603015019343,0.04623715455333392,0.9916603015019343,0.9454231469486004,The city needs clear authority over the process so it can control resources and enforce the final decision.
power,EN,POWER,support,Power: resources,0.08603932335972786,0.008443443104624748,0.08603932335972786,0.07759588025510311,The city needs clear authority over the process so it can control resources and enforce the final decision.
power,EN,POWER,support,Face,0.01689065364189446,0.0036725823883898556,0.01689065364189446,0.013218071253504604,The city needs clear authority over the process so it can control resources and enforce the final decision.
power,EN,POWER,support,Security: personal,0.005241522449068725,0.003408647608011961,0.005241522449068725,0.0018328748410567641,The city needs clear authority over the process so it can control resources and enforce the final decision.
power,EN,POWER,support,Security: societal,0.002074685471598059,0.0018494317773729563,0.002074685471598059,0.00022525369422510266,The city needs clear authority over the process so it can control resources and enforce the final decision.
power,EN,POWER,support,Tradition,0.0006346976927792033,0.0011774728773161769,0.0011774728773161769,-0.0005427751845369736,The city needs clear authority over the process so it can control resources and enforce the final decision.
power,EN,POWER,support,Conformity: rules,0.02919424635668596,0.005125502357259393,0.02919424635668596,0.024068743999426566,The city needs clear authority over the process so it can control resources and enforce the final decision.
power,EN,POWER,support,Conformity: interpersonal,0.007203256245702505,0.0026607517308245105,0.007203256245702505,0.0045425045148779946,The city needs clear authority over the process so it can control resources and enforce the final decision.
power,EN,POWER,support,Humility,0.003460933512542397,0.5002889369206969,0.5002889369206969,-0.4968280034081545,The city needs clear authority over the process so it can control resources and enforce the final decision.
power,EN,POWER,support,Benevolence: caring,0.0008566194446757436,0.0027123477775603533,0.0027123477775603533,-0.0018557283328846097,The city needs clear authority over the process so it can control resources and enforce the final decision.
power,EN,POWER,support,Benevolence: dependability,0.008074078553666672,0.0002948595101770479,0.008074078553666672,0.007779219043489624,The city needs clear authority over the process so it can control resources and enforce the final decision.
power,EN,POWER,support,Universalism: concern,0.001461621723137796,0.0016972367302514613,0.0016972367302514613,-0.00023561500711366534,The city needs clear authority over the process so it can control resources and enforce the final decision.
power,EN,POWER,support,Universalism: nature,0.00932989118155092,0.0019865541253238916,0.00932989118155092,0.007343337056227028,The city needs clear authority over the process so it can control resources and enforce the final decision.
power,EN,POWER,support,Universalism: tolerance,0.001668026321567595,0.0038391060661524534,0.0038391060661524534,-0.0021710797445848584,The city needs clear authority over the process so it can control resources and enforce the final decision.
security,EN,SECURITY,support,Self-direction: thought,0.005000341916456819,0.0012233159698856375,0.005000341916456819,0.003777025946571181,"Before expanding the service, we need strict safeguards so families know their data and safety are protected."
security,EN,SECURITY,support,Self-direction: action,0.004263277631253004,0.005416580475866795,0.005416580475866795,-0.0011533028446137905,"Before expanding the service, we need strict safeguards so families know their data and safety are protected."
security,EN,SECURITY,support,Stimulation,0.0028384262695908546,0.000624166161287576,0.0028384262695908546,0.0022142601083032787,"Before expanding the service, we need strict safeguards so families know their data and safety are protected."
security,EN,SECURITY,support,Hedonism,0.000726786009701235,0.0005162213831984749,0.000726786009701235,0.00021056462650276015,"Before expanding the service, we need strict safeguards so families know their data and safety are protected."
security,EN,SECURITY,support,Achievement,0.0010433012253737875,0.0014309175312519073,0.0014309175312519073,-0.00038761630587811984,"Before expanding the service, we need strict safeguards so families know their data and safety are protected."
security,EN,SECURITY,support,Power: dominance,0.0047752477361687595,0.015836049181719623,0.015836049181719623,-0.011060801445550864,"Before expanding the service, we need strict safeguards so families know their data and safety are protected."
security,EN,SECURITY,support,Power: resources,0.0053809769451618195,0.0008228410733863711,0.0053809769451618195,0.004558135871775448,"Before expanding the service, we need strict safeguards so families know their data and safety are protected."
security,EN,SECURITY,support,Face,0.003200450155418366,0.0015176231681834906,0.003200450155418366,0.0016828269872348756,"Before expanding the service, we need strict safeguards so families know their data and safety are protected."
security,EN,SECURITY,support,Security: personal,0.18790140748023987,0.002848522854037583,0.18790140748023987,0.18505288462620229,"Before expanding the service, we need strict safeguards so families know their data and safety are protected."
security,EN,SECURITY,support,Security: societal,0.9701081961393356,0.00615664292126894,0.9701081961393356,0.9639515532180667,"Before expanding the service, we need strict safeguards so families know their data and safety are protected."
security,EN,SECURITY,support,Tradition,0.002167041141850253,0.000746572797652334,0.002167041141850253,0.0014204683441979191,"Before expanding the service, we need strict safeguards so families know their data and safety are protected."
security,EN,SECURITY,support,Conformity: rules,0.041616642847657204,0.0049259020791699495,0.041616642847657204,0.03669074076848725,"Before expanding the service, we need strict safeguards so families know their data and safety are protected."
security,EN,SECURITY,support,Conformity: interpersonal,0.008737073512747884,0.0017377520756175122,0.008737073512747884,0.006999321437130371,"Before expanding the service, we need strict safeguards so families know their data and safety are protected."
security,EN,SECURITY,support,Humility,0.007716721738688648,0.5002227472868981,0.5002227472868981,-0.49250602554820944,"Before expanding the service, we need strict safeguards so families know their data and safety are protected."
security,EN,SECURITY,support,Benevolence: caring,0.0054427445866167545,0.002343893575016409,0.0054427445866167545,0.0030988510116003454,"Before expanding the service, we need strict safeguards so families know their data and safety are protected."
security,EN,SECURITY,support,Benevolence: dependability,0.02251893592377504,0.001389694371027872,0.02251893592377504,0.021129241552747167,"Before expanding the service, we need strict safeguards so families know their data and safety are protected."
security,EN,SECURITY,support,Universalism: concern,0.005505775334313512,0.0026149663608521223,0.005505775334313512,0.0028908089734613895,"Before expanding the service, we need strict safeguards so families know their data and safety are protected."
security,EN,SECURITY,support,Universalism: nature,0.003636069013737142,0.0008996757969725877,0.003636069013737142,0.0027363932167645544,"Before expanding the service, we need strict safeguards so families know their data and safety are protected."
security,EN,SECURITY,support,Universalism: tolerance,0.0016289041377604008,0.00047162386181298643,0.0016289041377604008,0.0011572802759474143,"Before expanding the service, we need strict safeguards so families know their data and safety are protected."
conformity,EN,CONFORMITY,support,Self-direction: thought,0.011754634324461222,0.0018838463195910058,0.011754634324461222,0.009870788004870215,"Participants should follow the agreed rules even when they disagree, otherwise the process will lose legitimacy."
conformity,EN,CONFORMITY,support,Self-direction: action,0.0025901184417307377,0.03917010501027107,0.03917010501027107,-0.036579986568540335,"Participants should follow the agreed rules even when they disagree, otherwise the process will lose legitimacy."
conformity,EN,CONFORMITY,support,Stimulation,0.00208437186665833,0.001082232571206987,0.00208437186665833,0.001002139295451343,"Participants should follow the agreed rules even when they disagree, otherwise the process will lose legitimacy."
conformity,EN,CONFORMITY,support,Hedonism,0.0020893443641918047,0.0005806864646729082,0.0020893443641918047,0.0015086578995188965,"Participants should follow the agreed rules even when they disagree, otherwise the process will lose legitimacy."
conformity,EN,CONFORMITY,support,Achievement,0.0004402860733015197,0.0019200434908270836,0.0019200434908270836,-0.001479757417525564,"Participants should follow the agreed rules even when they disagree, otherwise the process will lose legitimacy."
conformity,EN,CONFORMITY,support,Power: dominance,0.0010840277121003186,0.00865233208363255,0.00865233208363255,-0.007568304371532231,"Participants should follow the agreed rules even when they disagree, otherwise the process will lose legitimacy."
conformity,EN,CONFORMITY,support,Power: resources,0.008530491613782942,0.0019950061105191708,0.008530491613782942,0.0065354855032637715,"Participants should follow the agreed rules even when they disagree, otherwise the process will lose legitimacy."
conformity,EN,CONFORMITY,support,Face,0.0015059433644637465,0.0036361042293719947,0.0036361042293719947,-0.002130160864908248,"Participants should follow the agreed rules even when they disagree, otherwise the process will lose legitimacy."
conformity,EN,CONFORMITY,support,Security: personal,0.00193836705875583,0.0008574847985679905,0.00193836705875583,0.0010808822601878394,"Participants should follow the agreed rules even when they disagree, otherwise the process will lose legitimacy."
conformity,EN,CONFORMITY,support,Security: societal,0.027342739049345255,0.0013850497780367732,0.027342739049345255,0.02595768927130848,"Participants should follow the agreed rules even when they disagree, otherwise the process will lose legitimacy."
conformity,EN,CONFORMITY,support,Tradition,0.006234277194986741,0.0027793205808848143,0.006234277194986741,0.0034549566141019268,"Participants should follow the agreed rules even when they disagree, otherwise the process will lose legitimacy."
conformity,EN,CONFORMITY,support,Conformity: rules,0.9796340720994132,0.16051781674226126,0.9796340720994132,0.8191162553571519,"Participants should follow the agreed rules even when they disagree, otherwise the process will lose legitimacy."
conformity,EN,CONFORMITY,support,Conformity: interpersonal,0.04537756089121103,0.030971424033244453,0.04537756089121103,0.01440613685796658,"Participants should follow the agreed rules even when they disagree, otherwise the process will lose legitimacy."
conformity,EN,CONFORMITY,support,Humility,0.012036539847031236,0.5004552815516945,0.5004552815516945,-0.48841874170466326,"Participants should follow the agreed rules even when they disagree, otherwise the process will lose legitimacy."
conformity,EN,CONFORMITY,support,Benevolence: caring,0.0007547067555909356,0.004405150248203427,0.004405150248203427,-0.003650443492612491,"Participants should follow the agreed rules even when they disagree, otherwise the process will lose legitimacy."
conformity,EN,CONFORMITY,support,Benevolence: dependability,0.0029413161488870783,0.0016311831132043153,0.0029413161488870783,0.001310133035682763,"Participants should follow the agreed rules even when they disagree, otherwise the process will lose legitimacy."
conformity,EN,CONFORMITY,support,Universalism: concern,0.004514323857923349,0.00035872042644768953,0.004514323857923349,0.00415560343147566,"Participants should follow the agreed rules even when they disagree, otherwise the process will lose legitimacy."
conformity,EN,CONFORMITY,support,Universalism: nature,0.007547491695731878,0.01335635082796216,0.01335635082796216,-0.005808859132230282,"Participants should follow the agreed rules even when they disagree, otherwise the process will lose legitimacy."
conformity,EN,CONFORMITY,support,Universalism: tolerance,0.003637520596385002,0.0038755766581743956,0.0038755766581743956,-0.00023805606178939342,"Participants should follow the agreed rules even when they disagree, otherwise the process will lose legitimacy."
tradition,EN,TRADITION,support,Self-direction: thought,0.0452659884467721,0.001389572862535715,0.0452659884467721,0.04387641558423638,The redevelopment should preserve the old market rituals and respect the practices that elders kept alive.
tradition,EN,TRADITION,support,Self-direction: action,0.007381910923868418,0.002444626297801733,0.007381910923868418,0.004937284626066685,The redevelopment should preserve the old market rituals and respect the practices that elders kept alive.
tradition,EN,TRADITION,support,Stimulation,0.002966754138469696,0.0008764303056523204,0.002966754138469696,0.0020903238328173757,The redevelopment should preserve the old market rituals and respect the practices that elders kept alive.
tradition,EN,TRADITION,support,Hedonism,0.0026891107804008895,0.0035536238768448434,0.0035536238768448434,-0.0008645130964439539,The redevelopment should preserve the old market rituals and respect the practices that elders kept alive.
tradition,EN,TRADITION,support,Achievement,0.0005061790579929948,0.0012378868414089084,0.0012378868414089084,-0.0007317077834159136,The redevelopment should preserve the old market rituals and respect the practices that elders kept alive.
tradition,EN,TRADITION,support,Power: dominance,0.002195212624168822,0.0007936325467502078,0.002195212624168822,0.001401580077418614,The redevelopment should preserve the old market rituals and respect the practices that elders kept alive.
tradition,EN,TRADITION,support,Power: resources,0.02009601565077901,0.0008653483237139881,0.02009601565077901,0.01923066732706502,The redevelopment should preserve the old market rituals and respect the practices that elders kept alive.
tradition,EN,TRADITION,support,Face,0.003893415560014546,0.0017853184544946998,0.003893415560014546,0.002108097105519846,The redevelopment should preserve the old market rituals and respect the practices that elders kept alive.
tradition,EN,TRADITION,support,Security: personal,0.006137899472378194,0.0029244174947962165,0.006137899472378194,0.003213481977581978,The redevelopment should preserve the old market rituals and respect the practices that elders kept alive.
tradition,EN,TRADITION,support,Security: societal,0.009586384985595942,0.0013588548172265291,0.009586384985595942,0.008227530168369412,The redevelopment should preserve the old market rituals and respect the practices that elders kept alive.
tradition,EN,TRADITION,support,Tradition,0.9836568747247969,0.033163782209157944,0.9836568747247969,0.950493092515639,The redevelopment should preserve the old market rituals and respect the practices that elders kept alive.
tradition,EN,TRADITION,support,Conformity: rules,0.024446590493122738,0.0030609821745504937,0.024446590493122738,0.021385608318572245,The redevelopment should preserve the old market rituals and respect the practices that elders kept alive.
tradition,EN,TRADITION,support,Conformity: interpersonal,0.006208718405105174,0.0006320302782114595,0.006208718405105174,0.005576688126893714,The redevelopment should preserve the old market rituals and respect the practices that elders kept alive.
tradition,EN,TRADITION,support,Humility,0.003389295015949756,0.5003640404902399,0.5003640404902399,-0.4969747454742901,The redevelopment should preserve the old market rituals and respect the practices that elders kept alive.
tradition,EN,TRADITION,support,Benevolence: caring,0.007973186826954286,0.002455996291246265,0.007973186826954286,0.005517190535708021,The redevelopment should preserve the old market rituals and respect the practices that elders kept alive.
tradition,EN,TRADITION,support,Benevolence: dependability,0.005399516085162759,0.0016455240256618708,0.005399516085162759,0.003753992059500888,The redevelopment should preserve the old market rituals and respect the practices that elders kept alive.
tradition,EN,TRADITION,support,Universalism: concern,0.00929158569003145,0.0022330129286274314,0.00929158569003145,0.007058572761404019,The redevelopment should preserve the old market rituals and respect the practices that elders kept alive.
tradition,EN,TRADITION,support,Universalism: nature,0.007919466006569564,0.008167689084075391,0.008167689084075391,-0.00024822307750582695,The redevelopment should preserve the old market rituals and respect the practices that elders kept alive.
tradition,EN,TRADITION,support,Universalism: tolerance,0.013269428163766861,0.0030284898821264505,0.013269428163766861,0.01024093828164041,The redevelopment should preserve the old market rituals and respect the practices that elders kept alive.
anti_security,EN,SECURITY,oppose,Self-direction: thought,0.00735342619009316,0.005503231659531593,0.00735342619009316,0.0018501945305615664,We should ignore privacy and safety concerns if removing safeguards lets us launch faster.
anti_security,EN,SECURITY,oppose,Self-direction: action,0.1183464452624321,0.002651077462360263,0.1183464452624321,0.11569536780007184,We should ignore privacy and safety concerns if removing safeguards lets us launch faster.
anti_security,EN,SECURITY,oppose,Stimulation,0.010329844430088997,0.0007386206416413188,0.010329844430088997,0.009591223788447678,We should ignore privacy and safety concerns if removing safeguards lets us launch faster.
anti_security,EN,SECURITY,oppose,Hedonism,0.0021276207241628852,0.0014941099410255751,0.0021276207241628852,0.0006335107831373101,We should ignore privacy and safety concerns if removing safeguards lets us launch faster.
anti_security,EN,SECURITY,oppose,Achievement,0.005214517670018333,0.002182978903874755,0.005214517670018333,0.0030315387661435777,We should ignore privacy and safety concerns if removing safeguards lets us launch faster.
anti_security,EN,SECURITY,oppose,Power: dominance,0.00104492563488228,0.001419565815012902,0.001419565815012902,-0.0003746401801306221,We should ignore privacy and safety concerns if removing safeguards lets us launch faster.
anti_security,EN,SECURITY,oppose,Power: resources,0.00600791594479233,0.00307870889082551,0.00600791594479233,0.0029292070539668202,We should ignore privacy and safety concerns if removing safeguards lets us launch faster.
anti_security,EN,SECURITY,oppose,Face,0.0021324750559870154,0.0017022925021592528,0.0021324750559870154,0.0004301825538277626,We should ignore privacy and safety concerns if removing safeguards lets us launch faster.
anti_security,EN,SECURITY,oppose,Security: personal,0.010698658879846334,0.006312380622451505,0.010698658879846334,0.00438627825739483,We should ignore privacy and safety concerns if removing safeguards lets us launch faster.
anti_security,EN,SECURITY,oppose,Security: societal,0.011073836358264089,0.015167568810284138,0.015167568810284138,-0.004093732452020049,We should ignore privacy and safety concerns if removing safeguards lets us launch faster.
anti_security,EN,SECURITY,oppose,Tradition,0.0013159566636507711,0.003991631790995598,0.003991631790995598,-0.0026756751273448267,We should ignore privacy and safety concerns if removing safeguards lets us launch faster.
anti_security,EN,SECURITY,oppose,Conformity: rules,0.00906883350883921,0.04637195418278377,0.04637195418278377,-0.037303120673944555,We should ignore privacy and safety concerns if removing safeguards lets us launch faster.
anti_security,EN,SECURITY,oppose,Conformity: interpersonal,0.0019518793851602823,0.004323354999845227,0.004323354999845227,-0.002371475614684945,We should ignore privacy and safety concerns if removing safeguards lets us launch faster.
anti_security,EN,SECURITY,oppose,Humility,0.0026234006509184837,0.5002819485089276,0.5002819485089276,-0.4976585478580091,We should ignore privacy and safety concerns if removing safeguards lets us launch faster.
anti_security,EN,SECURITY,oppose,Benevolence: caring,0.0009220071175756555,0.0029587390599772334,0.0029587390599772334,-0.0020367319424015777,We should ignore privacy and safety concerns if removing safeguards lets us launch faster.
anti_security,EN,SECURITY,oppose,Benevolence: dependability,0.0018107031549637518,0.0005118612170917913,0.0018107031549637518,0.0012988419378719604,We should ignore privacy and safety concerns if removing safeguards lets us launch faster.
anti_security,EN,SECURITY,oppose,Universalism: concern,0.0037322208906213445,0.004671386850532144,0.004671386850532144,-0.0009391659599107998,We should ignore privacy and safety concerns if removing safeguards lets us launch faster.
anti_security,EN,SECURITY,oppose,Universalism: nature,0.002397297212155536,0.0036767427809536457,0.0036767427809536457,-0.0012794455687981099,We should ignore privacy and safety concerns if removing safeguards lets us launch faster.
anti_security,EN,SECURITY,oppose,Universalism: tolerance,0.00047878726036287844,0.0010879727778956294,0.0010879727778956294,-0.000609185517532751,We should ignore privacy and safety concerns if removing safeguards lets us launch faster.
anti_benevolence,EN,BENEVOLENCE,oppose,Self-direction: thought,0.01225150073878467,0.0005647438714125504,0.01225150073878467,0.01168675686737212,The vulnerable families should handle the disruption themselves; helping them would only slow the project.
anti_benevolence,EN,BENEVOLENCE,oppose,Self-direction: action,0.01579824462532997,0.01038767583668232,0.01579824462532997,0.005410568788647652,The vulnerable families should handle the disruption themselves; helping them would only slow the project.
anti_benevolence,EN,BENEVOLENCE,oppose,Stimulation,0.0050915200263261795,0.001332064624875784,0.0050915200263261795,0.0037594554014503956,The vulnerable families should handle the disruption themselves; helping them would only slow the project.
anti_benevolence,EN,BENEVOLENCE,oppose,Hedonism,0.0005607723557789411,0.002889046833540003,0.002889046833540003,-0.0023282744777610616,The vulnerable families should handle the disruption themselves; helping them would only slow the project.
anti_benevolence,EN,BENEVOLENCE,oppose,Achievement,0.00012659699547969337,0.001874697976745665,0.001874697976745665,-0.0017481009812659717,The vulnerable families should handle the disruption themselves; helping them would only slow the project.
anti_benevolence,EN,BENEVOLENCE,oppose,Power: dominance,0.0008543152528415834,0.004862587666139007,0.004862587666139007,-0.004008272413297423,The vulnerable families should handle the disruption themselves; helping them would only slow the project.
anti_benevolence,EN,BENEVOLENCE,oppose,Power: resources,0.0004369370435597375,0.001148999435827136,0.001148999435827136,-0.0007120623922673985,The vulnerable families should handle the disruption themselves; helping them would only slow the project.
anti_benevolence,EN,BENEVOLENCE,oppose,Face,0.006193479639478028,0.0012760151003021747,0.006193479639478028,0.004917464539175853,The vulnerable families should handle the disruption themselves; helping them would only slow the project.
anti_benevolence,EN,BENEVOLENCE,oppose,Security: personal,0.055035012774169445,0.024357163347303867,0.055035012774169445,0.030677849426865578,The vulnerable families should handle the disruption themselves; helping them would only slow the project.
anti_benevolence,EN,BENEVOLENCE,oppose,Security: societal,0.0076419912511482835,0.002537553897127509,0.0076419912511482835,0.005104437354020774,The vulnerable families should handle the disruption themselves; helping them would only slow the project.
anti_benevolence,EN,BENEVOLENCE,oppose,Tradition,0.0012696057092398405,0.002173241227865219,0.002173241227865219,-0.0009036355186253786,The vulnerable families should handle the disruption themselves; helping them would only slow the project.
anti_benevolence,EN,BENEVOLENCE,oppose,Conformity: rules,0.0003822107828455046,0.0031863649686177573,0.0031863649686177573,-0.0028041541857722527,The vulnerable families should handle the disruption themselves; helping them would only slow the project.
anti_benevolence,EN,BENEVOLENCE,oppose,Conformity: interpersonal,0.020745359361171722,0.0031069093771899743,0.020745359361171722,0.017638449983981747,The vulnerable families should handle the disruption themselves; helping them would only slow the project.
anti_benevolence,EN,BENEVOLENCE,oppose,Humility,0.013490834971889853,0.5005127534386702,0.5005127534386702,-0.48702191846678033,The vulnerable families should handle the disruption themselves; helping them would only slow the project.
anti_benevolence,EN,BENEVOLENCE,oppose,Benevolence: caring,0.014331252314150333,0.03073891857638955,0.03073891857638955,-0.016407666262239218,The vulnerable families should handle the disruption themselves; helping them would only slow the project.
anti_benevolence,EN,BENEVOLENCE,oppose,Benevolence: dependability,0.0028807506896555424,0.00142676813993603,0.0028807506896555424,0.0014539825497195125,The vulnerable families should handle the disruption themselves; helping them would only slow the project.
anti_benevolence,EN,BENEVOLENCE,oppose,Universalism: concern,0.00732627542068561,0.021767490543425083,0.021767490543425083,-0.014441215122739473,The vulnerable families should handle the disruption themselves; helping them would only slow the project.
anti_benevolence,EN,BENEVOLENCE,oppose,Universalism: nature,0.0036246536183170974,0.0030960256117396057,0.0036246536183170974,0.0005286280065774918,The vulnerable families should handle the disruption themselves; helping them would only slow the project.
anti_benevolence,EN,BENEVOLENCE,oppose,Universalism: tolerance,0.001329987309873104,0.0014990175259299576,0.0014990175259299576,-0.00016903021605685353,The vulnerable families should handle the disruption themselves; helping them would only slow the project.
anti_tradition,EN,TRADITION,oppose,Self-direction: thought,0.037239943630993366,0.0030354802341510854,0.037239943630993366,0.03420446339684228,Old rituals and inherited customs should not influence this decision at all.
anti_tradition,EN,TRADITION,oppose,Self-direction: action,0.04295610263943672,0.00756710022687912,0.04295610263943672,0.0353890024125576,Old rituals and inherited customs should not influence this decision at all.
anti_tradition,EN,TRADITION,oppose,Stimulation,0.00130175962112844,0.001586673315614462,0.001586673315614462,-0.000284913694486022,Old rituals and inherited customs should not influence this decision at all.
anti_tradition,EN,TRADITION,oppose,Hedonism,0.0017395312897861006,0.0012076055281795561,0.0017395312897861006,0.0005319257616065445,Old rituals and inherited customs should not influence this decision at all.
anti_tradition,EN,TRADITION,oppose,Achievement,0.0007506723548950894,0.00036967097548767924,0.0007506723548950894,0.00038100137940741017,Old rituals and inherited customs should not influence this decision at all.
anti_tradition,EN,TRADITION,oppose,Power: dominance,0.002097606525889465,0.00097720204697301,0.002097606525889465,0.0011204044789164549,Old rituals and inherited customs should not influence this decision at all.
anti_tradition,EN,TRADITION,oppose,Power: resources,0.004653717915061861,0.0008536138921044767,0.004653717915061861,0.0038001040229573846,Old rituals and inherited customs should not influence this decision at all.
anti_tradition,EN,TRADITION,oppose,Face,0.0014534263755194843,0.0009614494774723426,0.0014534263755194843,0.0004919768980471417,Old rituals and inherited customs should not influence this decision at all.
anti_tradition,EN,TRADITION,oppose,Security: personal,0.006722492398694158,0.0010704087132277589,0.006722492398694158,0.0056520836854663985,Old rituals and inherited customs should not influence this decision at all.
anti_tradition,EN,TRADITION,oppose,Security: societal,0.002204353513661772,0.0004476117610465735,0.002204353513661772,0.0017567417526151985,Old rituals and inherited customs should not influence this decision at all.
anti_tradition,EN,TRADITION,oppose,Tradition,0.5154833367892674,0.012066775932908058,0.5154833367892674,0.5034165608563593,Old rituals and inherited customs should not influence this decision at all.
anti_tradition,EN,TRADITION,oppose,Conformity: rules,0.030349368850390118,0.0027233709503586096,0.030349368850390118,0.027625997900031507,Old rituals and inherited customs should not influence this decision at all.
anti_tradition,EN,TRADITION,oppose,Conformity: interpersonal,0.006393418880179524,0.0009942739658678572,0.006393418880179524,0.005399144914311667,Old rituals and inherited customs should not influence this decision at all.
anti_tradition,EN,TRADITION,oppose,Humility,0.0021804598509334028,0.5002894822973758,0.5002894822973758,-0.4981090224464424,Old rituals and inherited customs should not influence this decision at all.
anti_tradition,EN,TRADITION,oppose,Benevolence: caring,0.01256581861525774,0.0020040638628415763,0.01256581861525774,0.010561754752416164,Old rituals and inherited customs should not influence this decision at all.
anti_tradition,EN,TRADITION,oppose,Benevolence: dependability,0.001602045667823404,0.0028280590777285397,0.0028280590777285397,-0.0012260134099051356,Old rituals and inherited customs should not influence this decision at all.
anti_tradition,EN,TRADITION,oppose,Universalism: concern,0.001890663018760582,0.0004031649950775318,0.001890663018760582,0.0014874980236830502,Old rituals and inherited customs should not influence this decision at all.
anti_tradition,EN,TRADITION,oppose,Universalism: nature,0.0014239874144550413,0.004890317213721573,0.004890317213721573,-0.003466329799266532,Old rituals and inherited customs should not influence this decision at all.
anti_tradition,EN,TRADITION,oppose,Universalism: tolerance,0.011111619882285595,0.0034585659159347415,0.011111619882285595,0.0076530539663508534,Old rituals and inherited customs should not influence this decision at all.
anti_conformity,EN,CONFORMITY,oppose,Self-direction: thought,0.0021028881019447,0.0022268056636676192,0.0022268056636676192,-0.00012391756172291934,People should break the agreed rules whenever the rules make negotiation inconvenient.
anti_conformity,EN,CONFORMITY,oppose,Self-direction: action,0.0015265315305441618,0.006382720544934273,0.006382720544934273,-0.004856189014390111,People should break the agreed rules whenever the rules make negotiation inconvenient.
anti_conformity,EN,CONFORMITY,oppose,Stimulation,0.001175192417576909,0.0006592298741452396,0.001175192417576909,0.0005159625434316695,People should break the agreed rules whenever the rules make negotiation inconvenient.
anti_conformity,EN,CONFORMITY,oppose,Hedonism,0.0029856006481817792,0.0005455674545373768,0.0029856006481817792,0.0024400331936444025,People should break the agreed rules whenever the rules make negotiation inconvenient.
anti_conformity,EN,CONFORMITY,oppose,Achievement,0.00028365017247519324,0.0008870303281582892,0.0008870303281582892,-0.0006033801556830959,People should break the agreed rules whenever the rules make negotiation inconvenient.
anti_conformity,EN,CONFORMITY,oppose,Power: dominance,0.0007061434942962868,0.0008093620029588541,0.0008093620029588541,-0.00010321850866256723,People should break the agreed rules whenever the rules make negotiation inconvenient.
anti_conformity,EN,CONFORMITY,oppose,Power: resources,0.0018830598855856806,0.005667376331984997,0.005667376331984997,-0.003784316446399316,People should break the agreed rules whenever the rules make negotiation inconvenient.
anti_conformity,EN,CONFORMITY,oppose,Face,0.0016370676166843623,0.00951884314417839,0.00951884314417839,-0.007881775527494028,People should break the agreed rules whenever the rules make negotiation inconvenient.
anti_conformity,EN,CONFORMITY,oppose,Security: personal,0.0036004619323648512,0.0009378754960683485,0.0036004619323648512,0.0026625864362965026,People should break the agreed rules whenever the rules make negotiation inconvenient.
anti_conformity,EN,CONFORMITY,oppose,Security: societal,0.0012841149873565882,0.0005600224249064922,0.0012841149873565882,0.000724092562450096,People should break the agreed rules whenever the rules make negotiation inconvenient.
anti_conformity,EN,CONFORMITY,oppose,Tradition,0.0009080883076724907,0.003237480064854026,0.003237480064854026,-0.002329391757181535,People should break the agreed rules whenever the rules make negotiation inconvenient.
anti_conformity,EN,CONFORMITY,oppose,Conformity: rules,0.2477511763572693,0.5439258217811584,0.5439258217811584,-0.29617464542388916,People should break the agreed rules whenever the rules make negotiation inconvenient.
anti_conformity,EN,CONFORMITY,oppose,Conformity: interpersonal,0.005127493059262633,0.049061551690101624,0.049061551690101624,-0.04393405863083899,People should break the agreed rules whenever the rules make negotiation inconvenient.
anti_conformity,EN,CONFORMITY,oppose,Humility,0.0014458305668085814,0.5001743219036143,0.5001743219036143,-0.49872849133680575,People should break the agreed rules whenever the rules make negotiation inconvenient.
anti_conformity,EN,CONFORMITY,oppose,Benevolence: caring,0.0005442354692301403,0.0021369273599702865,0.0021369273599702865,-0.0015926918907401462,People should break the agreed rules whenever the rules make negotiation inconvenient.
anti_conformity,EN,CONFORMITY,oppose,Benevolence: dependability,0.0006473753213261565,0.0008004709525266662,0.0008004709525266662,-0.00015309563120050973,People should break the agreed rules whenever the rules make negotiation inconvenient.
anti_conformity,EN,CONFORMITY,oppose,Universalism: concern,0.00048282813319625956,0.0008420841186307371,0.0008420841186307371,-0.0003592559854344775,People should break the agreed rules whenever the rules make negotiation inconvenient.
anti_conformity,EN,CONFORMITY,oppose,Universalism: nature,0.0020427670096978545,0.004769519146066159,0.004769519146066159,-0.0027267521363683045,People should break the agreed rules whenever the rules make negotiation inconvenient.
anti_conformity,EN,CONFORMITY,oppose,Universalism: tolerance,0.001031905529089272,0.0036864736466668546,0.0036864736466668546,-0.0026545681175775826,People should break the agreed rules whenever the rules make negotiation inconvenient.
neutral_schedule,EN,NONE,neutral,Self-direction: thought,0.0005201065869187005,0.0001460074054193683,0.0005201065869187005,0.0003740991814993322,The meeting starts at three o'clock and the agenda has four items.
neutral_schedule,EN,NONE,neutral,Self-direction: action,0.0003842501319013536,0.0004403943894430995,0.0004403943894430995,-5.61442575417459e-05,The meeting starts at three o'clock and the agenda has four items.
neutral_schedule,EN,NONE,neutral,Stimulation,0.0002383247046964243,9.200676140608266e-05,0.0002383247046964243,0.00014631794329034165,The meeting starts at three o'clock and the agenda has four items.
neutral_schedule,EN,NONE,neutral,Hedonism,0.00029777286856967427,8.549290820762205e-05,0.00029777286856967427,0.0002122799603620522,The meeting starts at three o'clock and the agenda has four items.
neutral_schedule,EN,NONE,neutral,Achievement,0.000445273970918996,0.0003659688518382609,0.000445273970918996,7.930511908073513e-05,The meeting starts at three o'clock and the agenda has four items.
neutral_schedule,EN,NONE,neutral,Power: dominance,0.00018643317162059247,0.0004261234911003461,0.0004261234911003461,-0.0002396903194797536,The meeting starts at three o'clock and the agenda has four items.
neutral_schedule,EN,NONE,neutral,Power: resources,0.000591376083320938,0.0007621601689606905,0.0007621601689606905,-0.00017078408563975245,The meeting starts at three o'clock and the agenda has four items.
neutral_schedule,EN,NONE,neutral,Face,0.0008276678272522986,0.0008692263509146869,0.0008692263509146869,-4.1558523662388325e-05,The meeting starts at three o'clock and the agenda has four items.
neutral_schedule,EN,NONE,neutral,Security: personal,0.0016417470760643482,0.000381423548484842,0.0016417470760643482,0.0012603235275795062,The meeting starts at three o'clock and the agenda has four items.
neutral_schedule,EN,NONE,neutral,Security: societal,0.0002709380532905925,0.0002983214217238128,0.0002983214217238128,-2.7383368433220312e-05,The meeting starts at three o'clock and the agenda has four items.
neutral_schedule,EN,NONE,neutral,Tradition,0.000884605785055707,0.0003233914903830737,0.000884605785055707,0.0005612142946726333,The meeting starts at three o'clock and the agenda has four items.
neutral_schedule,EN,NONE,neutral,Conformity: rules,0.000682466682822754,0.000919811330580463,0.000919811330580463,-0.00023734464775770903,The meeting starts at three o'clock and the agenda has four items.
neutral_schedule,EN,NONE,neutral,Conformity: interpersonal,0.0008314678416354582,0.0013333001212837796,0.0013333001212837796,-0.0005018322796483214,The meeting starts at three o'clock and the agenda has four items.
neutral_schedule,EN,NONE,neutral,Humility,0.0007626335718668997,0.5000357563258149,0.5000357563258149,-0.499273122753948,The meeting starts at three o'clock and the agenda has four items.
neutral_schedule,EN,NONE,neutral,Benevolence: caring,0.0007731066822695236,0.00023400823920383118,0.0007731066822695236,0.0005390984430656924,The meeting starts at three o'clock and the agenda has four items.
neutral_schedule,EN,NONE,neutral,Benevolence: dependability,0.00040505462190291536,0.00013555029909184668,0.00040505462190291536,0.0002695043228110687,The meeting starts at three o'clock and the agenda has four items.
neutral_schedule,EN,NONE,neutral,Universalism: concern,0.0008106702686442684,0.0005216593126533553,0.0008106702686442684,0.0002890109559909131,The meeting starts at three o'clock and the agenda has four items.
neutral_schedule,EN,NONE,neutral,Universalism: nature,0.00097176234703511,0.0006706020940328017,0.00097176234703511,0.0003011602530023083,The meeting starts at three o'clock and the agenda has four items.
neutral_schedule,EN,NONE,neutral,Universalism: tolerance,0.0002015171485254541,0.0006362748536048457,0.0006362748536048457,-0.0004347577050793916,The meeting starts at three o'clock and the agenda has four items.
