sample_id,expected_primary,expected_direction,value,presence,attained,constrained,support_01,constrain_01,signed,text
benevolence,BENEVOLENCE,support,Self-direction: thought,0.0005680323229171336,0.9493828415870667,0.05061716213822365,0.0005392801408443705,2.8752184188848362e-05,0.0005105279566555221,"In this budget, we should first protect the residents who will be hurt the most and make sure nobody is left alone."
benevolence,BENEVOLENCE,support,Self-direction: action,0.00168792181648314,0.9472349882125854,0.05276503786444664,0.001598858601940173,8.906325855895843e-05,0.0015097953433812145,"In this budget, we should first protect the residents who will be hurt the most and make sure nobody is left alone."
benevolence,BENEVOLENCE,support,Stimulation,0.0009778346866369247,0.9523215293884277,0.04767841845750809,0.0009312130242671302,4.662161137174159e-05,0.0008845914128953886,"In this budget, we should first protect the residents who will be hurt the most and make sure nobody is left alone."
benevolence,BENEVOLENCE,support,Hedonism,0.00014287367230281234,0.9505224823951721,0.049477577209472656,0.00013580463766618353,7.069043152563292e-06,0.00012873559451362024,"In this budget, we should first protect the residents who will be hurt the most and make sure nobody is left alone."
benevolence,BENEVOLENCE,support,Achievement,0.0008980552665889263,0.9479888081550598,0.05201112851500511,0.0008513463418310108,4.670886788413382e-05,0.0008046374739468769,"In this budget, we should first protect the residents who will be hurt the most and make sure nobody is left alone."
benevolence,BENEVOLENCE,support,Power: dominance,0.0009758640662766993,0.9616221785545349,0.038377806544303894,0.0009384125293860866,3.745152234910492e-05,0.0009009610070369817,"In this budget, we should first protect the residents who will be hurt the most and make sure nobody is left alone."
benevolence,BENEVOLENCE,support,Power: resources,0.002275702776387334,0.9522705078125,0.04772953316569328,0.0021670846385006826,0.00010861823114083954,0.002058466407359843,"In this budget, we should first protect the residents who will be hurt the most and make sure nobody is left alone."
benevolence,BENEVOLENCE,support,Face,0.00015557624283246696,0.9471970200538635,0.052803028374910355,0.00014736135360208895,8.214896764744697e-06,0.00013914645683734425,"In this budget, we should first protect the residents who will be hurt the most and make sure nobody is left alone."
benevolence,BENEVOLENCE,support,Security: personal,0.005921972915530205,0.9314458966255188,0.0685541108250618,0.005515997372098069,0.000405975587554272,0.005110021784543797,"In this budget, we should first protect the residents who will be hurt the most and make sure nobody is left alone."
benevolence,BENEVOLENCE,support,Security: societal,0.025776121765375137,0.9495357275009155,0.050464242696762085,0.024475348532637664,0.0013007724645491825,0.02317457606808848,"In this budget, we should first protect the residents who will be hurt the most and make sure nobody is left alone."
benevolence,BENEVOLENCE,support,Tradition,0.0001978066429728642,0.9484419822692871,0.05155797675251961,0.00018760812456721648,1.0198510299888879e-05,0.0001774096142673276,"In this budget, we should first protect the residents who will be hurt the most and make sure nobody is left alone."
benevolence,BENEVOLENCE,support,Conformity: rules,0.0012110444949939847,0.9527405500411987,0.04725947231054306,0.0011538111982849347,5.7233323778003824e-05,0.001096577874506931,"In this budget, we should first protect the residents who will be hurt the most and make sure nobody is left alone."
benevolence,BENEVOLENCE,support,Conformity: interpersonal,0.0005152504309080541,0.9295734167098999,0.07042662054300308,0.0004789631035204481,3.6287346582180354e-05,0.0004426757569382677,"In this budget, we should first protect the residents who will be hurt the most and make sure nobody is left alone."
benevolence,BENEVOLENCE,support,Humility,0.00015412908396683633,0.9532489776611328,0.046751003712415695,0.00014692339171923363,7.205689376724796e-06,0.00013971770234250884,"In this budget, we should first protect the residents who will be hurt the most and make sure nobody is left alone."
benevolence,BENEVOLENCE,support,Benevolence: caring,0.14947743713855743,0.9622312784194946,0.03776879236102104,0.14383186543270376,0.005645582285943751,0.13818628314676001,"In this budget, we should first protect the residents who will be hurt the most and make sure nobody is left alone."
benevolence,BENEVOLENCE,support,Benevolence: dependability,0.0038650596980005503,0.9547808170318604,0.045219194144010544,0.003690284856333881,0.00017477488486207764,0.003515509971471803,"In this budget, we should first protect the residents who will be hurt the most and make sure nobody is left alone."
benevolence,BENEVOLENCE,support,Universalism: concern,0.935941219329834,0.9545477628707886,0.045452192425727844,0.8934005970898511,0.04254058040014996,0.8508600166897011,"In this budget, we should first protect the residents who will be hurt the most and make sure nobody is left alone."
benevolence,BENEVOLENCE,support,Universalism: nature,0.0013375290436670184,0.9519867300987244,0.04801332950592041,0.0012733099006926388,6.421922269732316e-05,0.0012090906779953156,"In this budget, we should first protect the residents who will be hurt the most and make sure nobody is left alone."
benevolence,BENEVOLENCE,support,Universalism: tolerance,0.0011119265109300613,0.9419198036193848,0.05808015540242195,0.001047345600814431,6.458086455089079e-05,0.0009827647362635403,"In this budget, we should first protect the residents who will be hurt the most and make sure nobody is left alone."
universalism,UNIVERSALISM,support,Self-direction: thought,0.0018518769647926092,0.9928938746452332,0.007106155157089233,0.0018387172949391878,1.3159725043655757e-05,0.001825557569895532,"The policy should treat migrants, disabled citizens, and local residents with equal dignity and protect the environment they share."
universalism,UNIVERSALISM,support,Self-direction: action,0.0025945641100406647,0.992489755153656,0.00751025415956974,0.0025750782983047227,1.9485835899703263e-05,0.0025555924624050194,"The policy should treat migrants, disabled citizens, and local residents with equal dignity and protect the environment they share."
universalism,UNIVERSALISM,support,Stimulation,0.0034878847654908895,0.9925472140312195,0.007452794350683689,0.0034618903068499157,2.5994487876086205e-05,0.0034358958189738293,"The policy should treat migrants, disabled citizens, and local residents with equal dignity and protect the environment they share."
universalism,UNIVERSALISM,support,Hedonism,0.0014494142960757017,0.992066502571106,0.007933443412184715,0.0014379153714843829,1.1498846298728122e-05,0.0014264165251856547,"The policy should treat migrants, disabled citizens, and local residents with equal dignity and protect the environment they share."
universalism,UNIVERSALISM,support,Achievement,0.00252209953032434,0.992173433303833,0.007826598361134529,0.002502360150135885,1.9739460050654644e-05,0.0024826206900852303,"The policy should treat migrants, disabled citizens, and local residents with equal dignity and protect the environment they share."
universalism,UNIVERSALISM,support,Power: dominance,0.0022084529045969248,0.9918630123138428,0.008136952295899391,0.0021904827505067614,1.7970075932445626e-05,0.002172512674574316,"The policy should treat migrants, disabled citizens, and local residents with equal dignity and protect the environment they share."
universalism,UNIVERSALISM,support,Power: resources,0.00852193683385849,0.9925838708877563,0.00741619011387229,0.00845873705001221,6.320030369830545e-05,0.008395536746313905,"The policy should treat migrants, disabled citizens, and local residents with equal dignity and protect the environment they share."
universalism,UNIVERSALISM,support,Face,0.0008031761390157044,0.9921451210975647,0.007854836992919445,0.0007968672877064105,6.308817648570766e-06,0.0007905584700578397,"The policy should treat migrants, disabled citizens, and local residents with equal dignity and protect the environment they share."
universalism,UNIVERSALISM,support,Security: personal,0.010038123466074467,0.9925273656845093,0.00747261568903923,0.009963112240198746,7.501103890110092e-05,0.009888101201297645,"The policy should treat migrants, disabled citizens, and local residents with equal dignity and protect the environment they share."
universalism,UNIVERSALISM,support,Security: societal,0.0063149030320346355,0.9927747249603271,0.007225272711366415,0.006269276120779321,4.5626896552284886e-05,0.006223649224227037,"The policy should treat migrants, disabled citizens, and local residents with equal dignity and protect the environment they share."
universalism,UNIVERSALISM,support,Tradition,0.0010854789288714528,0.992229163646698,0.00777089037001133,0.0010770438497502352,8.435137755217386e-06,0.0010686087119950178,"The policy should treat migrants, disabled citizens, and local residents with equal dignity and protect the environment they share."
universalism,UNIVERSALISM,support,Conformity: rules,0.004344976507127285,0.9905738234519958,0.009426222182810307,0.004304019991474173,4.095671393527286e-05,0.0042630632775389,"The policy should treat migrants, disabled citizens, and local residents with equal dignity and protect the environment they share."
universalism,UNIVERSALISM,support,Conformity: interpersonal,0.0032450873404741287,0.9922311902046204,0.0077687837183475494,0.003219876874156591,2.5210381695291162e-05,0.0031946664924612997,"The policy should treat migrants, disabled citizens, and local residents with equal dignity and protect the environment they share."
universalism,UNIVERSALISM,support,Humility,0.0010880304034799337,0.9926980137825012,0.007301986217498779,0.0010800856204695036,7.944783010430112e-06,0.0010721408374590735,"The policy should treat migrants, disabled citizens, and local residents with equal dignity and protect the environment they share."
universalism,UNIVERSALISM,support,Benevolence: caring,0.020673634484410286,0.9931139349937439,0.006886085495352745,0.02053127449343506,0.000142360414559322,0.020388914078875737,"The policy should treat migrants, disabled citizens, and local residents with equal dignity and protect the environment they share."
universalism,UNIVERSALISM,support,Benevolence: dependability,0.006138496566563845,0.9928717017173767,0.007128357421606779,0.006094739532030519,4.3757397557773114e-05,0.006050982134472745,"The policy should treat migrants, disabled citizens, and local residents with equal dignity and protect the environment they share."
universalism,UNIVERSALISM,support,Universalism: concern,0.9311054944992065,0.9929654598236084,0.007034534588456154,0.9245555954896929,0.0065498938065562395,0.9180057016831367,"The policy should treat migrants, disabled citizens, and local residents with equal dignity and protect the environment they share."
universalism,UNIVERSALISM,support,Universalism: nature,0.8181960582733154,0.9928614497184753,0.007138492073863745,0.8123553245711861,0.005840686076850621,0.8065146384943355,"The policy should treat migrants, disabled citizens, and local residents with equal dignity and protect the environment they share."
universalism,UNIVERSALISM,support,Universalism: tolerance,0.011051518842577934,0.9926046133041382,0.007395382970571518,0.010969788587160467,8.173021424735111e-05,0.010888058372913116,"The policy should treat migrants, disabled citizens, and local residents with equal dignity and protect the environment they share."
self_direction,SELF-DIRECTION,support,Self-direction: thought,0.07416240125894547,0.9611408710479736,0.03885906934738159,0.07128051494503218,0.0028818818934897017,0.06839863305154248,Each neighborhood should be allowed to design its own solution instead of being forced into one central plan.
self_direction,SELF-DIRECTION,support,Self-direction: action,0.9752514958381653,0.9576599597930908,0.042340025305747986,0.933959308292529,0.041292173013256495,0.8926671352792726,Each neighborhood should be allowed to design its own solution instead of being forced into one central plan.
self_direction,SELF-DIRECTION,support,Stimulation,0.013166584074497223,0.9544076919555664,0.045592326670885086,0.012566289117479812,0.0006002952022641506,0.011965993915215661,Each neighborhood should be allowed to design its own solution instead of being forced into one central plan.
self_direction,SELF-DIRECTION,support,Hedonism,0.0014331656275317073,0.9558865427970886,0.0441133938729763,0.0013699437369569037,6.322179981251745e-05,0.0013067219371443862,Each neighborhood should be allowed to design its own solution instead of being forced into one central plan.
self_direction,SELF-DIRECTION,support,Achievement,0.0024545418564230204,0.9486058950424194,0.05139409750699997,0.002328392874631241,0.00012614896350401743,0.0022022439111272236,Each neighborhood should be allowed to design its own solution instead of being forced into one central plan.
self_direction,SELF-DIRECTION,support,Power: dominance,0.006759108044207096,0.9596162438392639,0.040383756160736084,0.006486149873085767,0.00027295817112132914,0.006213191701964438,Each neighborhood should be allowed to design its own solution instead of being forced into one central plan.
self_direction,SELF-DIRECTION,support,Power: resources,0.0033706531394273043,0.9518222212791443,0.048177819699048996,0.003208262558331218,0.00016239071921936212,0.003045871839111856,Each neighborhood should be allowed to design its own solution instead of being forced into one central plan.
self_direction,SELF-DIRECTION,support,Face,0.00040869947406463325,0.9478893876075745,0.05211062729358673,0.000387401894186663,2.129758596806702e-05,0.00036610430821859595,Each neighborhood should be allowed to design its own solution instead of being forced into one central plan.
self_direction,SELF-DIRECTION,support,Security: personal,0.001382274553179741,0.9557801485061646,0.04421986639499664,0.001321150577714425,6.112399606281183e-05,0.0012600265816516132,Each neighborhood should be allowed to design its own solution instead of being forced into one central plan.
self_direction,SELF-DIRECTION,support,Security: societal,0.004200213123112917,0.9559349417686462,0.04406508803367615,0.00401513048725885,0.00018508276103017252,0.0038300477262286775,Each neighborhood should be allowed to design its own solution instead of being forced into one central plan.
self_direction,SELF-DIRECTION,support,Tradition,0.0024324606638401747,0.9491472244262695,0.050852734595537186,0.002308763287609983,0.0001236972765523486,0.0021850660110576342,Each neighborhood should be allowed to design its own solution instead of being forced into one central plan.
self_direction,SELF-DIRECTION,support,Conformity: rules,0.005335127469152212,0.9647505283355713,0.03524951636791229,0.005147067044602216,0.00018806066304877939,0.004959006381553437,Each neighborhood should be allowed to design its own solution instead of being forced into one central plan.
self_direction,SELF-DIRECTION,support,Conformity: interpersonal,0.005968442186713219,0.9542691707611084,0.04573079198598862,0.00569550037625044,0.00027294158812098124,0.0054225587881294585,Each neighborhood should be allowed to design its own solution instead of being forced into one central plan.
self_direction,SELF-DIRECTION,support,Humility,0.000844615395180881,0.9585744738578796,0.04142553359270096,0.0008096267580477781,3.498864342597798e-05,0.0007746381146218001,Each neighborhood should be allowed to design its own solution instead of being forced into one central plan.
self_direction,SELF-DIRECTION,support,Benevolence: caring,0.001969116972759366,0.9646857380867004,0.035314228385686874,0.0018995790602454182,6.953784649415661e-05,0.0018300412137512616,Each neighborhood should be allowed to design its own solution instead of being forced into one central plan.
self_direction,SELF-DIRECTION,support,Benevolence: dependability,0.0008915797807276249,0.9547746181488037,0.04522530734539032,0.0008512577446934122,4.0321969606342545e-05,0.0008109357750870697,Each neighborhood should be allowed to design its own solution instead of being forced into one central plan.
self_direction,SELF-DIRECTION,support,Universalism: concern,0.020119601860642433,0.9567760825157166,0.04322390630841255,0.01924995385000139,0.0008696477857869714,0.018380306064214418,Each neighborhood should be allowed to design its own solution instead of being forced into one central plan.
self_direction,SELF-DIRECTION,support,Universalism: nature,0.0015032277442514896,0.9550609588623047,0.04493902996182442,0.001435674130813247,6.755359663836343e-05,0.0013681205341748836,Each neighborhood should be allowed to design its own solution instead of being forced into one central plan.
self_direction,SELF-DIRECTION,support,Universalism: tolerance,0.011879286728799343,0.9622055292129517,0.03779449686408043,0.011430315373556765,0.00044897166501911903,0.010981343708537646,Each neighborhood should be allowed to design its own solution instead of being forced into one central plan.
stimulation,STIMULATION,support,Self-direction: thought,0.023498935624957085,0.8946815133094788,0.10531853139400482,0.021024063286098627,0.002474873389342741,0.018549189896755885,We should test a bold pilot program because the current process is too predictable and cannot reveal new opportunities.
stimulation,STIMULATION,support,Self-direction: action,0.11378902941942215,0.8688439130783081,0.1311560869216919,0.09886490558615346,0.014924123833268688,0.08394078175288477,We should test a bold pilot program because the current process is too predictable and cannot reveal new opportunities.
stimulation,STIMULATION,support,Stimulation,0.7687127590179443,0.8083253502845764,0.19167469441890717,0.621370010201403,0.1473427831806795,0.47402722702072353,We should test a bold pilot program because the current process is too predictable and cannot reveal new opportunities.
stimulation,STIMULATION,support,Hedonism,0.0008454765775240958,0.8212874531745911,0.17871253192424774,0.0006943793050735343,0.0001510972598519787,0.0005432820452215556,We should test a bold pilot program because the current process is too predictable and cannot reveal new opportunities.
stimulation,STIMULATION,support,Achievement,0.0034978229086846113,0.7768144607543945,0.22318556904792786,0.002717159416624204,0.0007806635963036532,0.001936495820320551,We should test a bold pilot program because the current process is too predictable and cannot reveal new opportunities.
stimulation,STIMULATION,support,Power: dominance,0.0012079973239451647,0.9055888652801514,0.09441112726926804,0.001093948925852961,0.00011404838909192215,0.000979900536761039,We should test a bold pilot program because the current process is too predictable and cannot reveal new opportunities.
stimulation,STIMULATION,support,Power: resources,0.0006970027461647987,0.7850867509841919,0.2149132490158081,0.0005472076214135813,0.00014979512475121748,0.0003974124966623638,We should test a bold pilot program because the current process is too predictable and cannot reveal new opportunities.
stimulation,STIMULATION,support,Face,0.0004216669185552746,0.7656604647636414,0.23433952033519745,0.00032285368883648406,9.881322343546382e-05,0.00022404046540102024,We should test a bold pilot program because the current process is too predictable and cannot reveal new opportunities.
stimulation,STIMULATION,support,Security: personal,0.0006537317531183362,0.6978634595870972,0.30213654041290283,0.0004562155028731002,0.000197516250245236,0.0002586992526278642,We should test a bold pilot program because the current process is too predictable and cannot reveal new opportunities.
stimulation,STIMULATION,support,Security: societal,0.04363624379038811,0.6817038059234619,0.3182961642742157,0.029746993468111604,0.013889249021815098,0.015857744446296507,We should test a bold pilot program because the current process is too predictable and cannot reveal new opportunities.
stimulation,STIMULATION,support,Tradition,0.00021373912750277668,0.7721279263496399,0.22787204384803772,0.00016503394929850024,4.870517183435405e-05,0.00011632877746414619,We should test a bold pilot program because the current process is too predictable and cannot reveal new opportunities.
stimulation,STIMULATION,support,Conformity: rules,0.004210980609059334,0.8240028619766235,0.17599715292453766,0.0034698600735929563,0.0007411205982148783,0.002728739475378078,We should test a bold pilot program because the current process is too predictable and cannot reveal new opportunities.
stimulation,STIMULATION,support,Conformity: interpersonal,0.0005536816315725446,0.7324649095535278,0.2675350606441498,0.0004055523661912336,0.0001481292488803125,0.0002574231173109211,We should test a bold pilot program because the current process is too predictable and cannot reveal new opportunities.
stimulation,STIMULATION,support,Humility,0.00019737050752155483,0.8260549902915955,0.17394505441188812,0.00016303889267456524,3.433162367013883e-05,0.0001287072690044264,We should test a bold pilot program because the current process is too predictable and cannot reveal new opportunities.
stimulation,STIMULATION,support,Benevolence: caring,0.0009335045469924808,0.8907028436660767,0.10929721593856812,0.0008314751545814153,0.00010202944805227238,0.0007294457065291429,We should test a bold pilot program because the current process is too predictable and cannot reveal new opportunities.
stimulation,STIMULATION,support,Benevolence: dependability,0.0003915159322787076,0.7275584936141968,0.2724415957927704,0.0002848507419146544,0.00010666522536830533,0.00017818551654634907,We should test a bold pilot program because the current process is too predictable and cannot reveal new opportunities.
stimulation,STIMULATION,support,Universalism: concern,0.0017152399523183703,0.8239531517028809,0.17604675889015198,0.0014132773646394203,0.0003019624343245479,0.0011113149303148724,We should test a bold pilot program because the current process is too predictable and cannot reveal new opportunities.
stimulation,STIMULATION,support,Universalism: nature,0.0004393991257529706,0.7872655391693115,0.21273446083068848,0.0003459237896464365,9.347533610653408e-05,0.0002524484535399024,We should test a bold pilot program because the current process is too predictable and cannot reveal new opportunities.
stimulation,STIMULATION,support,Universalism: tolerance,0.0003238539502490312,0.7742292881011963,0.22577066719532013,0.00025073721335006766,7.311672242156378e-05,0.00017762049092850387,We should test a bold pilot program because the current process is too predictable and cannot reveal new opportunities.
hedonism,HEDONISM,support,Self-direction: thought,0.004937765188515186,0.9914692044258118,0.008530797436833382,0.00489564212309862,4.212307461387045e-05,0.00485351904848475,"The public space should also be enjoyable, with music, food, and places where people can relax after work."
hedonism,HEDONISM,support,Self-direction: action,0.02438388392329216,0.9916364550590515,0.008363498374819756,0.024179948214264835,0.00020393457356424755,0.023976013640700587,"The public space should also be enjoyable, with music, food, and places where people can relax after work."
hedonism,HEDONISM,support,Stimulation,0.05245082825422287,0.9918525815010071,0.008147411979734898,0.052023489405816914,0.00042733850646547306,0.05159615089935144,"The public space should also be enjoyable, with music, food, and places where people can relax after work."
hedonism,HEDONISM,support,Hedonism,0.9652270674705505,0.9912165403366089,0.008783482946455479,0.9567490344574097,0.008478055486584812,0.9482709789708248,"The public space should also be enjoyable, with music, food, and places where people can relax after work."
hedonism,HEDONISM,support,Achievement,0.0029008411802351475,0.9912996888160706,0.008700364269316196,0.0028756029592719445,2.5238374955478902e-05,0.0028503645843164656,"The public space should also be enjoyable, with music, food, and places where people can relax after work."
hedonism,HEDONISM,support,Power: dominance,0.001087003736756742,0.9904795289039612,0.009520403109490871,0.0010766549490996632,1.0348713755447083e-05,0.0010663062353442163,"The public space should also be enjoyable, with music, food, and places where people can relax after work."
hedonism,HEDONISM,support,Power: resources,0.0021054167300462723,0.9913608431816101,0.00863910373300314,0.002087227704747341,1.8188913532070014e-05,0.002069038791215271,"The public space should also be enjoyable, with music, food, and places where people can relax after work."
hedonism,HEDONISM,support,Face,0.0014227411011233926,0.9911934733390808,0.008806541562080383,0.001410211693684764,1.2529428639123166e-05,0.0013976822650456407,"The public space should also be enjoyable, with music, food, and places where people can relax after work."
hedonism,HEDONISM,support,Security: personal,0.028854772448539734,0.9913331866264343,0.008666754700243473,0.028604693520791535,0.0002500772347428376,0.028354616286048698,"The public space should also be enjoyable, with music, food, and places where people can relax after work."
hedonism,HEDONISM,support,Security: societal,0.005234283860772848,0.990304708480835,0.009695318527519703,0.005183535952848595,5.0748049293648356e-05,0.005132787903554946,"The public space should also be enjoyable, with music, food, and places where people can relax after work."
hedonism,HEDONISM,support,Tradition,0.0027846896555274725,0.9912160634994507,0.008783973753452301,0.0027602291184195826,2.4460640845663448e-05,0.002735768477573919,"The public space should also be enjoyable, with music, food, and places where people can relax after work."
hedonism,HEDONISM,support,Conformity: rules,0.009413901716470718,0.9877375364303589,0.012262406758964062,0.009298464089624314,0.00011543709203627392,0.00918302699758804,"The public space should also be enjoyable, with music, food, and places where people can relax after work."
hedonism,HEDONISM,support,Conformity: interpersonal,0.018556322902441025,0.9915756583213806,0.008424410596489906,0.01839999809801207,0.0001563260832912125,0.01824367201472086,"The public space should also be enjoyable, with music, food, and places where people can relax after work."
hedonism,HEDONISM,support,Humility,0.024727795273065567,0.9915437698364258,0.008456231094896793,0.024518691344798782,0.000209103951296339,0.024309587393502443,"The public space should also be enjoyable, with music, food, and places where people can relax after work."
hedonism,HEDONISM,support,Benevolence: caring,0.03767853602766991,0.9923549890518188,0.007644958328455687,0.03739048320722693,0.0002880508378087527,0.03710243236941818,"The public space should also be enjoyable, with music, food, and places where people can relax after work."
hedonism,HEDONISM,support,Benevolence: dependability,0.007571879308670759,0.9918577075004578,0.008142261765897274,0.00751022685256833,6.16522233909786e-05,0.007448574629177352,"The public space should also be enjoyable, with music, food, and places where people can relax after work."
hedonism,HEDONISM,support,Universalism: concern,0.0016605351120233536,0.9915778636932373,0.008422180078923702,0.0016465498589677274,1.3985325740836427e-05,0.001632564533226891,"The public space should also be enjoyable, with music, food, and places where people can relax after work."
hedonism,HEDONISM,support,Universalism: nature,0.012578646652400494,0.991659939289093,0.008340099826455116,0.012473739975658427,0.00010490716876272559,0.012368832806895701,"The public space should also be enjoyable, with music, food, and places where people can relax after work."
hedonism,HEDONISM,support,Universalism: tolerance,0.007591353263705969,0.9907872080802917,0.009212781675159931,0.007521415705698448,6.993748023753589e-05,0.007451478225460911,"The public space should also be enjoyable, with music, food, and places where people can relax after work."
achievement,ACHIEVEMENT,support,Self-direction: thought,0.0012603267095983028,0.9887807369232178,0.01121927984058857,0.0012461867726806242,1.4139958045551564e-05,0.0012320468146350726,The project should set measurable targets and reward the teams that deliver the strongest results.
achievement,ACHIEVEMENT,support,Self-direction: action,0.0018378016538918018,0.9885359406471252,0.011464095674455166,0.0018167329866527748,2.1068733990887555e-05,0.0017956642526618873,The project should set measurable targets and reward the teams that deliver the strongest results.
achievement,ACHIEVEMENT,support,Stimulation,0.0037738122045993805,0.9886065125465393,0.011393542401492596,0.0037308153225945606,4.299708936837329e-05,0.0036878182332261873,The project should set measurable targets and reward the teams that deliver the strongest results.
achievement,ACHIEVEMENT,support,Hedonism,0.002592601580545306,0.9874288439750671,0.012571162544190884,0.0025600095815657836,3.259201588136124e-05,0.0025274175656844226,The project should set measurable targets and reward the teams that deliver the strongest results.
achievement,ACHIEVEMENT,support,Achievement,0.7004727125167847,0.9884099960327148,0.011589940637350082,0.6923542309997401,0.008118437156153124,0.684235793843587,The project should set measurable targets and reward the teams that deliver the strongest results.
achievement,ACHIEVEMENT,support,Power: dominance,0.006045381538569927,0.9899446964263916,0.01005535013973713,0.005984593391981319,6.078842809862338e-05,0.005923804963882695,The project should set measurable targets and reward the teams that deliver the strongest results.
achievement,ACHIEVEMENT,support,Power: resources,0.014390800148248672,0.989167332649231,0.01083261240273714,0.014234909397331297,0.00015588996017123005,0.014079019437160067,The project should set measurable targets and reward the teams that deliver the strongest results.
achievement,ACHIEVEMENT,support,Face,0.016999376937747,0.9876107573509216,0.012389185838401318,0.016788767531982107,0.0002106084400187811,0.016578159091963328,The project should set measurable targets and reward the teams that deliver the strongest results.
achievement,ACHIEVEMENT,support,Security: personal,0.0004040439089294523,0.9881809949874878,0.011818993836641312,0.0003992685119445401,4.77539246936966e-06,0.0003944931194751704,The project should set measurable targets and reward the teams that deliver the strongest results.
achievement,ACHIEVEMENT,support,Security: societal,0.0003003464953508228,0.9883702993392944,0.011629743501543999,0.00029685355551540074,3.4929527025177464e-06,0.000293360602812883,The project should set measurable targets and reward the teams that deliver the strongest results.
achievement,ACHIEVEMENT,support,Tradition,0.0010179684031754732,0.9878202676773071,0.012179724872112274,0.0010055698205118369,1.2398575079180726e-05,0.0009931712454326561,The project should set measurable targets and reward the teams that deliver the strongest results.
achievement,ACHIEVEMENT,support,Conformity: rules,0.004474977497011423,0.9842894673347473,0.01571051962673664,0.0044046732168683544,7.030422179600277e-05,0.004334368995072352,The project should set measurable targets and reward the teams that deliver the strongest results.
achievement,ACHIEVEMENT,support,Conformity: interpersonal,0.01677372120320797,0.9874815344810486,0.012518461793661118,0.016563739952701106,0.00020998118801988236,0.016353758764681224,The project should set measurable targets and reward the teams that deliver the strongest results.
achievement,ACHIEVEMENT,support,Humility,0.03186297416687012,0.9891520738601685,0.01084793172776699,0.03151732697651255,0.00034564736840581034,0.03117167960810674,The project should set measurable targets and reward the teams that deliver the strongest results.
achievement,ACHIEVEMENT,support,Benevolence: caring,0.04381921887397766,0.9896432161331177,0.010356714017689228,0.043365392694884264,0.00045382311835631683,0.04291156957652795,The project should set measurable targets and reward the teams that deliver the strongest results.
achievement,ACHIEVEMENT,support,Benevolence: dependability,0.11604024469852448,0.9884055852890015,0.01159441564232111,0.11469482597832403,0.0013454188282713414,0.11334940715005269,The project should set measurable targets and reward the teams that deliver the strongest results.
achievement,ACHIEVEMENT,support,Universalism: concern,0.0036265687085688114,0.9879032969474792,0.012096663936972618,0.003582699183801691,4.38693829118977e-05,0.003538829800889793,The project should set measurable targets and reward the teams that deliver the strongest results.
achievement,ACHIEVEMENT,support,Universalism: nature,0.0008164704777300358,0.9873665571212769,0.01263345219194889,0.0008061556445874696,1.0314840746540078e-05,0.0007958408038409295,The project should set measurable targets and reward the teams that deliver the strongest results.
achievement,ACHIEVEMENT,support,Universalism: tolerance,0.0008601138833910227,0.9875673055648804,0.012432651594281197,0.000849420350299418,1.069349624360479e-05,0.0008387268540558132,The project should set measurable targets and reward the teams that deliver the strongest results.
power,POWER,support,Self-direction: thought,0.0016912708524614573,0.986055314540863,0.013944664970040321,0.0016676866123976758,2.3584205411169516e-05,0.0016441024069865063,The city needs clear authority over the process so it can control resources and enforce the final decision.
power,POWER,support,Self-direction: action,0.027176372706890106,0.9860679507255554,0.013932081870734692,0.026797750143237042,0.0003786234495019927,0.02641912669373505,The city needs clear authority over the process so it can control resources and enforce the final decision.
power,POWER,support,Stimulation,0.001804065308533609,0.9882535934448242,0.011746326461434364,0.0017828740239674845,2.119114007178408e-05,0.0017616828838957004,The city needs clear authority over the process so it can control resources and enforce the final decision.
power,POWER,support,Hedonism,0.00019907434761989862,0.9871598482131958,0.012840191833674908,0.0001965182027796001,2.556152812603182e-06,0.0001939620499669969,The city needs clear authority over the process so it can control resources and enforce the final decision.
power,POWER,support,Achievement,0.003253309056162834,0.9874138832092285,0.012586122378706932,0.003212362528425494,4.0946545916620974e-05,0.003171415982508873,The city needs clear authority over the process so it can control resources and enforce the final decision.
power,POWER,support,Power: dominance,0.6174907088279724,0.9900975227355957,0.00990250427275896,0.6113760211228225,0.006114704382557956,0.6052613167402645,The city needs clear authority over the process so it can control resources and enforce the final decision.
power,POWER,support,Power: resources,0.4035484194755554,0.9892219305038452,0.010778047144412994,0.39919894656538446,0.004349463890160887,0.3948494826752236,The city needs clear authority over the process so it can control resources and enforce the final decision.
power,POWER,support,Face,0.002564398106187582,0.9872990250587463,0.01270096655935049,0.002531827750101495,3.257033459155021e-05,0.002499257415509945,The city needs clear authority over the process so it can control resources and enforce the final decision.
power,POWER,support,Security: personal,0.0005072788335382938,0.9878210425376892,0.012178903445601463,0.0005011007062031003,6.178099933660218e-06,0.0004949226062694401,The city needs clear authority over the process so it can control resources and enforce the final decision.
power,POWER,support,Security: societal,0.0010703467996791005,0.9885198473930359,0.011480127461254597,0.0010580590550764088,1.2287717688062015e-05,0.0010457713373883469,The city needs clear authority over the process so it can control resources and enforce the final decision.
power,POWER,support,Tradition,0.0007200672989711165,0.9874436259269714,0.012556444853544235,0.0007110258646074799,9.041485330371375e-06,0.0007019843792771085,The city needs clear authority over the process so it can control resources and enforce the final decision.
power,POWER,support,Conformity: rules,0.43101269006729126,0.9866995811462402,0.013300394639372826,0.42528004075811054,0.005732638872472662,0.4195474018856379,The city needs clear authority over the process so it can control resources and enforce the final decision.
power,POWER,support,Conformity: interpersonal,0.002597748301923275,0.9878408312797546,0.012159168720245361,0.002566161842027459,3.158645989581599e-05,0.002534575382131643,The city needs clear authority over the process so it can control resources and enforce the final decision.
power,POWER,support,Humility,0.00022346300829667598,0.9876328706741333,0.01236706878989935,0.00022069941237352377,2.763582395602841e-06,0.0002179358299779209,The city needs clear authority over the process so it can control resources and enforce the final decision.
power,POWER,support,Benevolence: caring,0.0004568699514493346,0.9885451197624207,0.011454852297902107,0.0004516365608713338,5.233377813201835e-06,0.00044640318305813197,The city needs clear authority over the process so it can control resources and enforce the final decision.
power,POWER,support,Benevolence: dependability,0.00161674153059721,0.9876101016998291,0.01238985639065504,0.0015967102674554479,2.0031195384907254e-05,0.0015766790720705406,The city needs clear authority over the process so it can control resources and enforce the final decision.
power,POWER,support,Universalism: concern,0.0020340268965810537,0.9849453568458557,0.01505467388778925,0.0020034053474870944,3.0621611607019794e-05,0.0019727837358800744,The city needs clear authority over the process so it can control resources and enforce the final decision.
power,POWER,support,Universalism: nature,0.0011154572712257504,0.9868596196174622,0.013140307739377022,0.0011007997383813764,1.4657451814032102e-05,0.0010861422865673443,The city needs clear authority over the process so it can control resources and enforce the final decision.
power,POWER,support,Universalism: tolerance,0.0003547297674231231,0.9864338636398315,0.013566090725362301,0.0003499174550272502,4.812296207848757e-06,0.00034510515881940143,The city needs clear authority over the process so it can control resources and enforce the final decision.
security,SECURITY,support,Self-direction: thought,0.0023770176339894533,0.9866138100624084,0.013386133126914501,0.002345198424455866,3.181907449360615e-05,0.0023133793499622596,"Before expanding the service, we need strict safeguards so families know their data and safety are protected."
security,SECURITY,support,Self-direction: action,0.00621848925948143,0.9862387776374817,0.01376115158200264,0.006132915246022774,8.55735733107793e-05,0.006047341672711995,"Before expanding the service, we need strict safeguards so families know their data and safety are protected."
security,SECURITY,support,Stimulation,0.0008393271709792316,0.9879083037376404,0.012091701850295067,0.0008291782817630051,1.0148893906332499e-05,0.0008190293878566726,"Before expanding the service, we need strict safeguards so families know their data and safety are protected."
security,SECURITY,support,Hedonism,0.0006790124461986125,0.9870246648788452,0.012975332327187061,0.0006702020321577504,8.810412143723221e-06,0.0006613916200140272,"Before expanding the service, we need strict safeguards so families know their data and safety are protected."
security,SECURITY,support,Achievement,0.0012482377933338284,0.9876130223274231,0.012387015856802464,0.0012327758996577357,1.546194133908625e-05,0.0012173139583186495,"Before expanding the service, we need strict safeguards so families know their data and safety are protected."
security,SECURITY,support,Power: dominance,0.0014055856736376882,0.9878113865852356,0.012188608758151531,0.0013884535332403872,1.7132133852032646e-05,0.0013713213993883544,"Before expanding the service, we need strict safeguards so families know their data and safety are protected."
security,SECURITY,support,Power: resources,0.00045128719648346305,0.9878625869750977,0.012137389741837978,0.000445809737386893,5.477448589221205e-06,0.0004403322887976718,"Before expanding the service, we need strict safeguards so families know their data and safety are protected."
security,SECURITY,support,Face,0.0006133374408818781,0.9877342581748962,0.012265663594007492,0.0006058144021803512,7.522990719466575e-06,0.0005982914114608846,"Before expanding the service, we need strict safeguards so families know their data and safety are protected."
security,SECURITY,support,Security: personal,0.769980788230896,0.9886017441749573,0.01139823067933321,0.7612043502262722,0.008776418642910566,0.7524279315833616,"Before expanding the service, we need strict safeguards so families know their data and safety are protected."
security,SECURITY,support,Security: societal,0.6435456275939941,0.9883208274841309,0.011679258197546005,0.6360295471874906,0.007516135546572045,0.6285134116409186,"Before expanding the service, we need strict safeguards so families know their data and safety are protected."
security,SECURITY,support,Tradition,0.0005373575841076672,0.9878826141357422,0.01211746409535408,0.0005308462149139492,6.511411231790868e-06,0.0005243348036821584,"Before expanding the service, we need strict safeguards so families know their data and safety are protected."
security,SECURITY,support,Conformity: rules,0.12225627154111862,0.9884519577026367,0.011548065580427647,0.12084445094624385,0.001411823441375408,0.11943262750486844,"Before expanding the service, we need strict safeguards so families know their data and safety are protected."
security,SECURITY,support,Conformity: interpersonal,0.004939759150147438,0.9872564077377319,0.012743640691041946,0.004876808873664151,6.295051570976568e-05,0.004813858357954386,"Before expanding the service, we need strict safeguards so families know their data and safety are protected."
security,SECURITY,support,Humility,0.00025747244944795966,0.9871091842651367,0.01289080549031496,0.0002541534195453221,3.3190272649485995e-06,0.0002508343922803735,"Before expanding the service, we need strict safeguards so families know their data and safety are protected."
security,SECURITY,support,Benevolence: caring,0.03162894397974014,0.988459587097168,0.011540393345057964,0.0312639329065334,0.0003650104546150043,0.030898922451918394,"Before expanding the service, we need strict safeguards so families know their data and safety are protected."
security,SECURITY,support,Benevolence: dependability,0.002080497331917286,0.9872820973396301,0.012717965990304947,0.0020540377693648026,2.6459694310244225e-05,0.0020275780750545584,"Before expanding the service, we need strict safeguards so families know their data and safety are protected."
security,SECURITY,support,Universalism: concern,0.006959463935345411,0.9878267645835876,0.012173278257250786,0.00687474474248842,8.471949100626128e-05,0.006790025251482159,"Before expanding the service, we need strict safeguards so families know their data and safety are protected."
security,SECURITY,support,Universalism: nature,0.00020596694957930595,0.9873124957084656,0.012687514536082745,0.00020335374302260425,2.613208666740066e-06,0.00020074053435586417,"Before expanding the service, we need strict safeguards so families know their data and safety are protected."
security,SECURITY,support,Universalism: tolerance,0.0007539999787695706,0.9874020218849182,0.012597967870533466,0.0007445011035382594,9.498867506921966e-06,0.0007350022360313375,"Before expanding the service, we need strict safeguards so families know their data and safety are protected."
conformity,CONFORMITY,support,Self-direction: thought,0.00474176462739706,0.8582050204277039,0.14179496467113495,0.004069406208918658,0.0006723583478206036,0.0033970478610980542,"Participants should follow the agreed rules even when they disagree, otherwise the process will lose legitimacy."
conformity,CONFORMITY,support,Self-direction: action,0.005885008722543716,0.8511092662811279,0.14889073371887207,0.0050087854559022205,0.000876223266641496,0.0041325621892607245,"Participants should follow the agreed rules even when they disagree, otherwise the process will lose legitimacy."
conformity,CONFORMITY,support,Stimulation,0.0034487969242036343,0.8232945799827576,0.17670537531375885,0.0028393758151580573,0.0006094209548723403,0.002229954860285717,"Participants should follow the agreed rules even when they disagree, otherwise the process will lose legitimacy."
conformity,CONFORMITY,support,Hedonism,0.0002574338868726045,0.8042615652084351,0.19573844969272614,0.0002070441807938521,5.0389709914816245e-05,0.00015665447087903584,"Participants should follow the agreed rules even when they disagree, otherwise the process will lose legitimacy."
conformity,CONFORMITY,support,Achievement,0.0011351504363119602,0.8209661841392517,0.1790337860584259,0.0009319201221230367,0.0002032302803588043,0.0007286898417642323,"Participants should follow the agreed rules even when they disagree, otherwise the process will lose legitimacy."
conformity,CONFORMITY,support,Power: dominance,0.006573815364390612,0.8267583847045898,0.17324161529541016,0.005434956972009797,0.0011388583923808149,0.004296098579628982,"Participants should follow the agreed rules even when they disagree, otherwise the process will lose legitimacy."
conformity,CONFORMITY,support,Power: resources,0.00036937493132427335,0.7947872877120972,0.20521269738674164,0.0002935744998160614,7.580042600409658e-05,0.0002177740738119648,"Participants should follow the agreed rules even when they disagree, otherwise the process will lose legitimacy."
conformity,CONFORMITY,support,Face,0.0009658102062530816,0.8204315900802612,0.179568350315094,0.0007923812032319608,0.00017342894545434653,0.0006189522577776142,"Participants should follow the agreed rules even when they disagree, otherwise the process will lose legitimacy."
conformity,CONFORMITY,support,Security: personal,0.0011913253692910075,0.7748721241950989,0.2251279354095459,0.0009231248195100336,0.00026820062078949936,0.0006549241987205343,"Participants should follow the agreed rules even when they disagree, otherwise the process will lose legitimacy."
conformity,CONFORMITY,support,Security: societal,0.0008719408069737256,0.7547895908355713,0.24521039426326752,0.0006581318449285362,0.00021380894905225888,0.0004443228958762773,"Participants should follow the agreed rules even when they disagree, otherwise the process will lose legitimacy."
conformity,CONFORMITY,support,Tradition,0.0006133239949122071,0.8323425650596619,0.16765744984149933,0.0005104956671378655,0.00010282833691358136,0.00040766733022428413,"Participants should follow the agreed rules even when they disagree, otherwise the process will lose legitimacy."
conformity,CONFORMITY,support,Conformity: rules,0.9761384725570679,0.8489388823509216,0.15106108784675598,0.828681903912333,0.14745653955354143,0.6812253643587916,"Participants should follow the agreed rules even when they disagree, otherwise the process will lose legitimacy."
conformity,CONFORMITY,support,Conformity: interpersonal,0.04706243425607681,0.7733194828033447,0.22668050229549408,0.036394297318375735,0.01066813623641616,0.025726161081959575,"Participants should follow the agreed rules even when they disagree, otherwise the process will lose legitimacy."
conformity,CONFORMITY,support,Humility,0.0003854098031297326,0.8289870023727417,0.1710129827260971,0.00031949971738158556,6.591008000509345e-05,0.0002535896373764921,"Participants should follow the agreed rules even when they disagree, otherwise the process will lose legitimacy."
conformity,CONFORMITY,support,Benevolence: caring,0.0038055172190070152,0.8448694944381714,0.155130535364151,0.003215165408898213,0.0005903519235220533,0.0026248134853761595,"Participants should follow the agreed rules even when they disagree, otherwise the process will lose legitimacy."
conformity,CONFORMITY,support,Benevolence: dependability,0.006335240788757801,0.7837040424346924,0.21629595756530762,0.004964953815946638,0.0013702869728111633,0.0035946668431354745,"Participants should follow the agreed rules even when they disagree, otherwise the process will lose legitimacy."
conformity,CONFORMITY,support,Universalism: concern,0.009648649953305721,0.8049968481063843,0.1950031965970993,0.0077671328008929175,0.0018815175837410686,0.005885615217151849,"Participants should follow the agreed rules even when they disagree, otherwise the process will lose legitimacy."
conformity,CONFORMITY,support,Universalism: nature,0.0007187951705418527,0.8138262629508972,0.18617375195026398,0.0005849743874692288,0.00013382079378350658,0.00045115359368572226,"Participants should follow the agreed rules even when they disagree, otherwise the process will lose legitimacy."
conformity,CONFORMITY,support,Universalism: tolerance,0.00281201652251184,0.7882694602012634,0.21173056960105896,0.002216626746277442,0.0005953898600390209,0.001621236886238421,"Participants should follow the agreed rules even when they disagree, otherwise the process will lose legitimacy."
tradition,TRADITION,support,Self-direction: thought,0.0025256420485675335,0.9894284605979919,0.01057150587439537,0.0024989421241357335,2.6699839753051638e-05,0.002472242284382682,The redevelopment should preserve the old market rituals and respect the practices that elders kept alive.
tradition,TRADITION,support,Self-direction: action,0.005154028534889221,0.9887477159500122,0.011252240277826786,0.005096033941812905,5.799436747334907e-05,0.005038039574339556,The redevelopment should preserve the old market rituals and respect the practices that elders kept alive.
tradition,TRADITION,support,Stimulation,0.007208706345409155,0.9901425838470459,0.00985736958682537,0.007137647127038016,7.105888268959127e-05,0.007066588244348425,The redevelopment should preserve the old market rituals and respect the practices that elders kept alive.
tradition,TRADITION,support,Hedonism,0.007890737615525723,0.9885221719741821,0.011477844789624214,0.007800169086177866,9.056866162665371e-05,0.007709600424551212,The redevelopment should preserve the old market rituals and respect the practices that elders kept alive.
tradition,TRADITION,support,Achievement,0.02014678344130516,0.9889135956764221,0.011086354963481426,0.019923428054255288,0.00022335439260269888,0.01970007366165259,The redevelopment should preserve the old market rituals and respect the practices that elders kept alive.
tradition,TRADITION,support,Power: dominance,0.005428428295999765,0.9888233542442322,0.011176601983606815,0.00536775667592479,6.067138246093834e-05,0.005307085293463852,The redevelopment should preserve the old market rituals and respect the practices that elders kept alive.
tradition,TRADITION,support,Power: resources,0.0052922796458005905,0.9895597696304321,0.010440212674438953,0.005237027027118257,5.525252503476262e-05,0.005181774502083495,The redevelopment should preserve the old market rituals and respect the practices that elders kept alive.
tradition,TRADITION,support,Face,0.005805828608572483,0.9883910417556763,0.011608944274485111,0.005738428986681865,6.739954078412939e-05,0.005671029445897736,The redevelopment should preserve the old market rituals and respect the practices that elders kept alive.
tradition,TRADITION,support,Security: personal,0.0007324740290641785,0.9889792203903198,0.011020798236131668,0.0007244015942200477,8.072448487522754e-06,0.0007163291457325249,The redevelopment should preserve the old market rituals and respect the practices that elders kept alive.
tradition,TRADITION,support,Security: societal,0.016172274947166443,0.9892382621765137,0.010761771351099014,0.0159982331641757,0.00017404232520851215,0.01582419083896719,The redevelopment should preserve the old market rituals and respect the practices that elders kept alive.
tradition,TRADITION,support,Tradition,0.9631507992744446,0.9898019433021545,0.010198011063039303,0.9533285328148686,0.009822222506375933,0.9435063103084926,The redevelopment should preserve the old market rituals and respect the practices that elders kept alive.
tradition,TRADITION,support,Conformity: rules,0.1897091418504715,0.9846904873847961,0.015309466049075127,0.1868047873500922,0.0029043456663589706,0.18390044168373323,The redevelopment should preserve the old market rituals and respect the practices that elders kept alive.
tradition,TRADITION,support,Conformity: interpersonal,0.002887703711166978,0.9883168339729309,0.011683115735650063,0.0028539661892724305,3.373737666783e-05,0.0028202288126046005,The redevelopment should preserve the old market rituals and respect the practices that elders kept alive.
tradition,TRADITION,support,Humility,0.003052704269066453,0.9892047047615051,0.010795296169817448,0.003019749425206067,3.295484670343845e-05,0.0029867945785026287,The redevelopment should preserve the old market rituals and respect the practices that elders kept alive.
tradition,TRADITION,support,Benevolence: caring,0.00975718256086111,0.9908210635185242,0.009179015643894672,0.009667622001896803,8.956133136648042e-05,0.009578060670530322,The redevelopment should preserve the old market rituals and respect the practices that elders kept alive.
tradition,TRADITION,support,Benevolence: dependability,0.002735333750024438,0.9889878630638123,0.01101215835660696,0.002705211880202993,3.0121928413440668e-05,0.002675089951789552,The redevelopment should preserve the old market rituals and respect the practices that elders kept alive.
tradition,TRADITION,support,Universalism: concern,0.006375560536980629,0.9902661442756653,0.009733823128044605,0.0063135017505518976,6.205857860911053e-05,0.006251443171942787,The redevelopment should preserve the old market rituals and respect the practices that elders kept alive.
tradition,TRADITION,support,Universalism: nature,0.003533566603437066,0.9889847040176392,0.011015310883522034,0.0034946433214268213,3.89233346644903e-05,0.003455719986762331,The redevelopment should preserve the old market rituals and respect the practices that elders kept alive.
tradition,TRADITION,support,Universalism: tolerance,0.00547447195276618,0.9883108735084534,0.0116891423240304,0.005410480157635872,6.39918818047965e-05,0.005346488275831075,The redevelopment should preserve the old market rituals and respect the practices that elders kept alive.
anti_security,SECURITY,oppose,Self-direction: thought,0.0052331662736833096,0.8368511199951172,0.1631489247083664,0.0043793810572525516,0.0008537854503715206,0.003525595606881031,We should ignore privacy and safety concerns if removing safeguards lets us launch faster.
anti_security,SECURITY,oppose,Self-direction: action,0.13211075961589813,0.818428099155426,0.18157191574573517,0.10812315787041893,0.023987603714082928,0.084135554156336,We should ignore privacy and safety concerns if removing safeguards lets us launch faster.
anti_security,SECURITY,oppose,Stimulation,0.0015300157247111201,0.7113655805587769,0.28863444924354553,0.0010884005242731837,0.00044161524603595834,0.0006467852782372253,We should ignore privacy and safety concerns if removing safeguards lets us launch faster.
anti_security,SECURITY,oppose,Hedonism,0.000754284905269742,0.5657607913017273,0.43423914909362793,0.00042674482487235765,0.0003275400354385005,9.920478943385713e-05,We should ignore privacy and safety concerns if removing safeguards lets us launch faster.
anti_security,SECURITY,oppose,Achievement,0.0016339973080903292,0.6093674898147583,0.3906325399875641,0.0009957048379950761,0.0006382925187921676,0.00035741231920290856,We should ignore privacy and safety concerns if removing safeguards lets us launch faster.
anti_security,SECURITY,oppose,Power: dominance,0.00412040576338768,0.89299476146698,0.10700526088476181,0.003679500761823551,0.00044090509366237485,0.003238595668161176,We should ignore privacy and safety concerns if removing safeguards lets us launch faster.
anti_security,SECURITY,oppose,Power: resources,0.00014133020886220038,0.7944875359535217,0.20551243424415588,0.00011228508939472616,2.9045115255505773e-05,8.323997413922039e-05,We should ignore privacy and safety concerns if removing safeguards lets us launch faster.
anti_security,SECURITY,oppose,Face,0.00043304963037371635,0.48437070846557617,0.5156292915344238,0.00020975655626487288,0.00022329307410884347,-1.3536517843970586e-05,We should ignore privacy and safety concerns if removing safeguards lets us launch faster.
anti_security,SECURITY,oppose,Security: personal,0.029464220628142357,0.28003206849098206,0.7199679017066956,0.008250926648973367,0.021213293101066788,-0.012962366452093421,We should ignore privacy and safety concerns if removing safeguards lets us launch faster.
anti_security,SECURITY,oppose,Security: societal,0.675058126449585,0.34857186675071716,0.6514281034469604,0.2353062713017735,0.43975183502951154,-0.20444556372773803,We should ignore privacy and safety concerns if removing safeguards lets us launch faster.
anti_security,SECURITY,oppose,Tradition,0.0001364488125545904,0.527592122554779,0.47240784764289856,7.198931863575554e-05,6.445948985234337e-05,7.529828783412167e-06,We should ignore privacy and safety concerns if removing safeguards lets us launch faster.
anti_security,SECURITY,oppose,Conformity: rules,0.01117229275405407,0.6418595910072327,0.35814040899276733,0.007171043257730214,0.004001249496323855,0.0031697937614063587,We should ignore privacy and safety concerns if removing safeguards lets us launch faster.
anti_security,SECURITY,oppose,Conformity: interpersonal,0.011003888212144375,0.3014339804649353,0.6985659599304199,0.0033169458243778593,0.0076869417318836675,-0.004369995907505808,We should ignore privacy and safety concerns if removing safeguards lets us launch faster.
anti_security,SECURITY,oppose,Humility,0.00029265042394399643,0.6034400463104248,0.3965599834918976,0.00017659698537753066,0.00011605344728812805,6.0543538089402604e-05,We should ignore privacy and safety concerns if removing safeguards lets us launch faster.
anti_security,SECURITY,oppose,Benevolence: caring,0.0018136021681129932,0.6369525790214539,0.36304745078086853,0.0011551785782984714,0.0006584236438640784,0.000496754934434393,We should ignore privacy and safety concerns if removing safeguards lets us launch faster.
anti_security,SECURITY,oppose,Benevolence: dependability,0.0012016154360026121,0.6945774555206299,0.3054225742816925,0.0008346149920530066,0.0003670004797605361,0.0004676145122924705,We should ignore privacy and safety concerns if removing safeguards lets us launch faster.
anti_security,SECURITY,oppose,Universalism: concern,0.0038762157782912254,0.5267640352249146,0.4732359051704407,0.0020418510647751686,0.0018343644824755923,0.0002074865822995764,We should ignore privacy and safety concerns if removing safeguards lets us launch faster.
anti_security,SECURITY,oppose,Universalism: nature,0.0001642399438424036,0.6198909282684326,0.38010910153388977,0.0001018108512472228,6.242909748991254e-05,3.9381753757310265e-05,We should ignore privacy and safety concerns if removing safeguards lets us launch faster.
anti_security,SECURITY,oppose,Universalism: tolerance,0.0015805696602910757,0.6255936026573181,0.37440645694732666,0.0009887942680323475,0.0005917754864680214,0.00039701878156432613,We should ignore privacy and safety concerns if removing safeguards lets us launch faster.
anti_benevolence,BENEVOLENCE,oppose,Self-direction: thought,0.003733257530257106,0.9298921227455139,0.07010790705680847,0.003471526769566455,0.0002617308719503955,0.0032097958976160593,The vulnerable families should handle the disruption themselves; helping them would only slow the project.
anti_benevolence,BENEVOLENCE,oppose,Self-direction: action,0.8583624362945557,0.9226794242858887,0.0773206353187561,0.7919933585488934,0.06636912890805036,0.725624229640843,The vulnerable families should handle the disruption themselves; helping them would only slow the project.
anti_benevolence,BENEVOLENCE,oppose,Stimulation,0.0052099586464464664,0.8562238812446594,0.143776074051857,0.004460891013384566,0.0007490674001585998,0.003711823613225966,The vulnerable families should handle the disruption themselves; helping them would only slow the project.
anti_benevolence,BENEVOLENCE,oppose,Hedonism,0.0005177082493901253,0.8709195256233215,0.12908045947551727,0.00045088222297012814,6.682601870554306e-05,0.0003840562042645851,The vulnerable families should handle the disruption themselves; helping them would only slow the project.
anti_benevolence,BENEVOLENCE,oppose,Achievement,0.005836258176714182,0.8491499423980713,0.1508500725030899,0.00495585829457712,0.0008803999691040856,0.0040754583254730345,The vulnerable families should handle the disruption themselves; helping them would only slow the project.
anti_benevolence,BENEVOLENCE,oppose,Power: dominance,0.007726612500846386,0.9124162197113037,0.0875837653875351,0.007049886569196362,0.0006767258165145257,0.006373160752681836,The vulnerable families should handle the disruption themselves; helping them would only slow the project.
anti_benevolence,BENEVOLENCE,oppose,Power: resources,0.0006418930715881288,0.8622797131538391,0.13772030174732208,0.0005534913736444484,8.840170750863251e-05,0.0004650896661358159,The vulnerable families should handle the disruption themselves; helping them would only slow the project.
anti_benevolence,BENEVOLENCE,oppose,Face,0.00011888588051078841,0.8505517244338989,0.14944829046726227,0.00010111859067929354,1.776729160303254e-05,8.3351299076261e-05,The vulnerable families should handle the disruption themselves; helping them would only slow the project.
anti_benevolence,BENEVOLENCE,oppose,Security: personal,0.0009362167911604047,0.8598330616950989,0.14016687870025635,0.0008049901499538117,0.00013122658540372367,0.0006737635645500881,The vulnerable families should handle the disruption themselves; helping them would only slow the project.
anti_benevolence,BENEVOLENCE,oppose,Security: societal,0.009059809148311615,0.8454364538192749,0.1545635163784027,0.007659492918627997,0.001400315959680265,0.006259176958947732,The vulnerable families should handle the disruption themselves; helping them would only slow the project.
anti_benevolence,BENEVOLENCE,oppose,Tradition,0.0003587001992855221,0.847292959690094,0.1527070552110672,0.00030392415349405656,5.477605113651503e-05,0.00024914810235754153,The vulnerable families should handle the disruption themselves; helping them would only slow the project.
anti_benevolence,BENEVOLENCE,oppose,Conformity: rules,0.0029785381630063057,0.8965253829956055,0.10347460210323334,0.0026703350673562554,0.00030820305126637304,0.0023621320160898823,The vulnerable families should handle the disruption themselves; helping them would only slow the project.
anti_benevolence,BENEVOLENCE,oppose,Conformity: interpersonal,0.0023501988034695387,0.8489412069320679,0.15105880796909332,0.001995180608747732,0.00035501822974249794,0.001640162379005234,The vulnerable families should handle the disruption themselves; helping them would only slow the project.
anti_benevolence,BENEVOLENCE,oppose,Humility,0.000414424721384421,0.8948583602905273,0.10514160245656967,0.0003708514266419216,4.357327930397544e-05,0.00032727814733794617,The vulnerable families should handle the disruption themselves; helping them would only slow the project.
anti_benevolence,BENEVOLENCE,oppose,Benevolence: caring,0.03523896634578705,0.8954975008964539,0.10450246185064316,0.031556406296826545,0.003682558736206709,0.027873847560619835,The vulnerable families should handle the disruption themselves; helping them would only slow the project.
anti_benevolence,BENEVOLENCE,oppose,Benevolence: dependability,0.021350538358092308,0.8695082664489746,0.13049174845218658,0.01856446959549718,0.0027860690807429422,0.015778400514754237,The vulnerable families should handle the disruption themselves; helping them would only slow the project.
anti_benevolence,BENEVOLENCE,oppose,Universalism: concern,0.010455604642629623,0.8893753886222839,0.11062466353178024,0.009298957442319677,0.0011566477456122215,0.008142309696707456,The vulnerable families should handle the disruption themselves; helping them would only slow the project.
anti_benevolence,BENEVOLENCE,oppose,Universalism: nature,0.000236488864175044,0.8725517392158508,0.12744824588298798,0.00020634876974111576,3.0140090909969554e-05,0.0001762086788311462,The vulnerable families should handle the disruption themselves; helping them would only slow the project.
anti_benevolence,BENEVOLENCE,oppose,Universalism: tolerance,0.0006916908314451575,0.8607714176177979,0.13922859728336334,0.0005953876975362815,9.630314421587259e-05,0.0004990845533204089,The vulnerable families should handle the disruption themselves; helping them would only slow the project.
anti_tradition,TRADITION,oppose,Self-direction: thought,0.002980847144499421,0.9332005381584167,0.06679939478635788,0.0027817281594148396,0.0001991187852032044,0.0025826093742116352,Old rituals and inherited customs should not influence this decision at all.
anti_tradition,TRADITION,oppose,Self-direction: action,0.00396030955016613,0.9294966459274292,0.07050329446792603,0.003681094443713784,0.0002792148703995023,0.0034018795733142815,Old rituals and inherited customs should not influence this decision at all.
anti_tradition,TRADITION,oppose,Stimulation,0.0014110887423157692,0.9296470880508423,0.07035297155380249,0.0013118145402751802,9.927428614803224e-05,0.001212540254127148,Old rituals and inherited customs should not influence this decision at all.
anti_tradition,TRADITION,oppose,Hedonism,0.0009179032640531659,0.9298999309539795,0.0701000764966011,0.0008535581818654714,6.434508902660677e-05,0.0007892130928388646,Old rituals and inherited customs should not influence this decision at all.
anti_tradition,TRADITION,oppose,Achievement,0.0024732958991080523,0.9326392412185669,0.06736072152853012,0.002306692810653127,0.00016660299631747304,0.002140089814335654,Old rituals and inherited customs should not influence this decision at all.
anti_tradition,TRADITION,oppose,Power: dominance,0.0038254265673458576,0.925814688205719,0.07418528944253922,0.003541636104701179,0.0002837903771397317,0.0032578457275614474,Old rituals and inherited customs should not influence this decision at all.
anti_tradition,TRADITION,oppose,Power: resources,0.0011106901802122593,0.9294837117195129,0.07051628082990646,0.0010323684312741055,7.83217406628671e-05,0.0009540466906112384,Old rituals and inherited customs should not influence this decision at all.
anti_tradition,TRADITION,oppose,Face,0.0008013116894289851,0.9329410791397095,0.06705887615680695,0.0007475765922631411,5.373506134442006e-05,0.000693841530918721,Old rituals and inherited customs should not influence this decision at all.
anti_tradition,TRADITION,oppose,Security: personal,0.0003339664253871888,0.9323527812957764,0.06764724850654602,0.00031137452556915385,2.259190977101002e-05,0.00028878261579814383,Old rituals and inherited customs should not influence this decision at all.
anti_tradition,TRADITION,oppose,Security: societal,0.002643324201926589,0.9240385890007019,0.0759614035487175,0.0024425335658196518,0.00020079061641263725,0.0022417429494070145,Old rituals and inherited customs should not influence this decision at all.
anti_tradition,TRADITION,oppose,Tradition,0.9410372972488403,0.9365938901901245,0.06340605765581131,0.8813697830442919,0.059667465125628816,0.8217023179186631,Old rituals and inherited customs should not influence this decision at all.
anti_tradition,TRADITION,oppose,Conformity: rules,0.04180588200688362,0.9500279426574707,0.04997202381491661,0.03971675607398062,0.002089124531251582,0.03762763154272904,Old rituals and inherited customs should not influence this decision at all.
anti_tradition,TRADITION,oppose,Conformity: interpersonal,0.0012593439314514399,0.9270266890525818,0.07297331839799881,0.0011674454351518898,9.189850568239351e-05,0.0010755469294694963,Old rituals and inherited customs should not influence this decision at all.
anti_tradition,TRADITION,oppose,Humility,0.0009581795311532915,0.9353053569793701,0.06469463557004929,0.0008961904484356548,6.198907557864288e-05,0.0008342013728570119,Old rituals and inherited customs should not influence this decision at all.
anti_tradition,TRADITION,oppose,Benevolence: caring,0.001934207626618445,0.9415006637573242,0.05849931389093399,0.0018210577643057446,0.00011314981907979086,0.0017079079452259538,Old rituals and inherited customs should not influence this decision at all.
anti_tradition,TRADITION,oppose,Benevolence: dependability,0.0009310738532803953,0.924118161201477,0.07588177919387817,0.0008604222572362527,7.065154054781628e-05,0.0007897707166884364,Old rituals and inherited customs should not influence this decision at all.
anti_tradition,TRADITION,oppose,Universalism: concern,0.003978555090725422,0.935808002948761,0.06419207155704498,0.0037231636940733837,0.0002553916930774919,0.0034677720009958918,Old rituals and inherited customs should not influence this decision at all.
anti_tradition,TRADITION,oppose,Universalism: nature,0.002517122309654951,0.9246547818183899,0.07534515112638474,0.0023274691800442004,0.00018965296082454688,0.0021378162192196536,Old rituals and inherited customs should not influence this decision at all.
anti_tradition,TRADITION,oppose,Universalism: tolerance,0.006331942975521088,0.9289595484733582,0.07104039937257767,0.0058821188874991215,0.00044982375778540584,0.005432295129713716,Old rituals and inherited customs should not influence this decision at all.
anti_conformity,CONFORMITY,oppose,Self-direction: thought,0.002255290048196912,0.952341616153717,0.04765830561518669,0.0021478065693952414,0.00010748330236785755,0.002040323267027384,People should break the agreed rules whenever the rules make negotiation inconvenient.
anti_conformity,CONFORMITY,oppose,Self-direction: action,0.007363131269812584,0.9511032700538635,0.04889674857258797,0.007003098228554605,0.0003600331784069863,0.006643065050147619,People should break the agreed rules whenever the rules make negotiation inconvenient.
anti_conformity,CONFORMITY,oppose,Stimulation,0.004578151740133762,0.9283066987991333,0.07169333845376968,0.0042499289284850805,0.00032822298219812446,0.003921705946286956,People should break the agreed rules whenever the rules make negotiation inconvenient.
anti_conformity,CONFORMITY,oppose,Hedonism,0.0004035363672301173,0.8957414627075195,0.10425851494073868,0.00036146425583838404,4.2072102371992597e-05,0.00031939215346639144,People should break the agreed rules whenever the rules make negotiation inconvenient.
anti_conformity,CONFORMITY,oppose,Achievement,0.0015622422797605395,0.9190618991851807,0.08093811571598053,0.0014357973566241078,0.00012644494641565578,0.001309352410208452,People should break the agreed rules whenever the rules make negotiation inconvenient.
anti_conformity,CONFORMITY,oppose,Power: dominance,0.0047111595049500465,0.9443371295928955,0.055662862956523895,0.0044489228439588135,0.0002622366258903594,0.004186686218068454,People should break the agreed rules whenever the rules make negotiation inconvenient.
anti_conformity,CONFORMITY,oppose,Power: resources,0.0008257392910309136,0.9388649463653564,0.06113511323928833,0.0007752576751855061,5.0481665063304565e-05,0.0007247760101222016,People should break the agreed rules whenever the rules make negotiation inconvenient.
anti_conformity,CONFORMITY,oppose,Face,0.00034027505898848176,0.9128197431564331,0.08718027919530869,0.00031060979194840604,2.9665274645815972e-05,0.00028094451730259007,People should break the agreed rules whenever the rules make negotiation inconvenient.
anti_conformity,CONFORMITY,oppose,Security: personal,0.0014493190683424473,0.8394206166267395,0.1605793684720993,0.0012165883060369087,0.00023273074070900152,0.0009838575653279072,People should break the agreed rules whenever the rules make negotiation inconvenient.
anti_conformity,CONFORMITY,oppose,Security: societal,0.004082612227648497,0.8889603018760681,0.11103976517915726,0.0036292801983333345,0.0004533323030756452,0.0031759478952576893,People should break the agreed rules whenever the rules make negotiation inconvenient.
anti_conformity,CONFORMITY,oppose,Tradition,0.0005773811135441065,0.9137508273124695,0.08624917268753052,0.0005275824701755222,4.9798643368584306e-05,0.00047778382680693787,People should break the agreed rules whenever the rules make negotiation inconvenient.
anti_conformity,CONFORMITY,oppose,Conformity: rules,0.9897775053977966,0.9404368996620178,0.05956312641501427,0.93082328853151,0.05895424267674643,0.8718690458547635,People should break the agreed rules whenever the rules make negotiation inconvenient.
anti_conformity,CONFORMITY,oppose,Conformity: interpersonal,0.010844340547919273,0.8783613443374634,0.1216387078166008,0.009525249542123637,0.0013190915713720691,0.008206157970751568,People should break the agreed rules whenever the rules make negotiation inconvenient.
anti_conformity,CONFORMITY,oppose,Humility,0.00017771869897842407,0.9334400296211243,0.06655995547771454,0.00016588974763864783,1.1828948691561258e-05,0.00015406079894708657,People should break the agreed rules whenever the rules make negotiation inconvenient.
anti_conformity,CONFORMITY,oppose,Benevolence: caring,0.0030855427030473948,0.9422110915184021,0.05778888612985611,0.0029072325581649267,0.00017831007591521432,0.0027289224822497123,People should break the agreed rules whenever the rules make negotiation inconvenient.
anti_conformity,CONFORMITY,oppose,Benevolence: dependability,0.0013920909259468317,0.9151511788368225,0.08484882116317749,0.0012739736519282868,0.00011811727401854488,0.001155856377909742,People should break the agreed rules whenever the rules make negotiation inconvenient.
anti_conformity,CONFORMITY,oppose,Universalism: concern,0.008194232359528542,0.9146573543548584,0.0853426456451416,0.007494914890935345,0.0006993174685931969,0.006795597422342148,People should break the agreed rules whenever the rules make negotiation inconvenient.
anti_conformity,CONFORMITY,oppose,Universalism: nature,0.0028193960897624493,0.8888671398162842,0.11113284528255463,0.002506068538316364,0.00031332750943380977,0.002192741028882554,People should break the agreed rules whenever the rules make negotiation inconvenient.
anti_conformity,CONFORMITY,oppose,Universalism: tolerance,0.0013907274696975946,0.8855206370353699,0.11447934061288834,0.001231517874909202,0.00015920956370321128,0.0010723083112059908,People should break the agreed rules whenever the rules make negotiation inconvenient.
neutral_schedule,NONE,neutral,Self-direction: thought,0.00016198941739276052,0.9834136366844177,0.016586339101195335,0.0001593026020626047,2.6868114076813955e-06,0.0001566157906549233,The meeting starts at three o'clock and the agenda has four items.
neutral_schedule,NONE,neutral,Self-direction: action,0.000996865564957261,0.9808829426765442,0.019117025658488274,0.000977808428808194,1.905710458335137e-05,0.0009587513242248426,The meeting starts at three o'clock and the agenda has four items.
neutral_schedule,NONE,neutral,Stimulation,0.0002518894907552749,0.981185257434845,0.018814757466316223,0.0002471502548318464,4.7392396768743995e-06,0.000242411015154972,The meeting starts at three o'clock and the agenda has four items.
neutral_schedule,NONE,neutral,Hedonism,1.797480945242569e-05,0.9776215553283691,0.02237841673195362,1.7572561173611473e-05,4.0224777660384113e-07,1.7170313397007632e-05,The meeting starts at three o'clock and the agenda has four items.
neutral_schedule,NONE,neutral,Achievement,4.9699985538609326e-05,0.9755991101264954,0.02440083585679531,4.8487261664766947e-05,1.2127211892127069e-06,4.727454047555424e-05,The meeting starts at three o'clock and the agenda has four items.
neutral_schedule,NONE,neutral,Power: dominance,3.920176823157817e-05,0.9837993383407593,0.016200721263885498,3.85666736480144e-05,6.350969201712395e-07,3.793157672784316e-05,The meeting starts at three o'clock and the agenda has four items.
neutral_schedule,NONE,neutral,Power: resources,4.36481241194997e-05,0.9782280921936035,0.021771937608718872,4.26978211852478e-05,9.503042350673648e-07,4.1747516950180435e-05,The meeting starts at three o'clock and the agenda has four items.
neutral_schedule,NONE,neutral,Face,1.8249196727992967e-05,0.9744051098823547,0.02559482492506504,1.7782110543004695e-05,4.6708499527604977e-07,1.7315025547728646e-05,The meeting starts at three o'clock and the agenda has four items.
neutral_schedule,NONE,neutral,Security: personal,2.570812102931086e-05,0.961427628993988,0.038572344928979874,2.4716497847100823e-05,9.916225118185396e-07,2.3724875335282284e-05,The meeting starts at three o'clock and the agenda has four items.
neutral_schedule,NONE,neutral,Security: societal,0.00010269618360325694,0.9647084474563599,0.03529150411486626,9.907187584359128e-05,3.624302786215403e-06,9.544757305737588e-05,The meeting starts at three o'clock and the agenda has four items.
neutral_schedule,NONE,neutral,Tradition,2.2104157324065454e-05,0.9751973748207092,0.024802658706903458,2.1555916195052584e-05,5.482418701124959e-07,2.1007674324940088e-05,The meeting starts at three o'clock and the agenda has four items.
neutral_schedule,NONE,neutral,Conformity: rules,0.0009642723598517478,0.9705495238304138,0.029450494796037674,0.0009358740796969432,2.8398298115776864e-05,0.0009074757815811664,The meeting starts at three o'clock and the agenda has four items.
neutral_schedule,NONE,neutral,Conformity: interpersonal,7.497023761970922e-05,0.9750482439994812,0.02495175413787365,7.309959854332132e-05,1.8706389367449504e-06,7.122895960657637e-05,The meeting starts at three o'clock and the agenda has four items.
neutral_schedule,NONE,neutral,Humility,9.370772204420064e-06,0.9807012677192688,0.019298646599054337,9.189928180383243e-06,1.8084322113334417e-07,9.0090849592499e-06,The meeting starts at three o'clock and the agenda has four items.
neutral_schedule,NONE,neutral,Benevolence: caring,9.725562267703936e-05,0.9852723479270935,0.014727644622325897,9.582327570411804e-05,1.4323462483104552e-06,9.439092945580759e-05,The meeting starts at three o'clock and the agenda has four items.
neutral_schedule,NONE,neutral,Benevolence: dependability,3.665481199277565e-05,0.9742308855056763,0.025769105181097984,3.57102499457659e-05,9.445617056352075e-07,3.4765688240130695e-05,The meeting starts at three o'clock and the agenda has four items.
neutral_schedule,NONE,neutral,Universalism: concern,7.517712947446853e-05,0.9739888906478882,0.026011059060692787,7.322168893893026e-05,1.9554367547737494e-06,7.126625218415651e-05,The meeting starts at three o'clock and the agenda has four items.
neutral_schedule,NONE,neutral,Universalism: nature,6.274014594964683e-06,0.9759603142738342,0.024039756506681442,6.123189255860355e-06,1.5082578318231657e-07,5.972363472678038e-06,The meeting starts at three o'clock and the agenda has four items.
neutral_schedule,NONE,neutral,Universalism: tolerance,1.8263142919749953e-05,0.971527636051178,0.028472308069467545,1.774314806768948e-05,5.199938315278356e-07,1.7223154236161645e-05,The meeting starts at three o'clock and the agenda has four items.
