sample_id,language,expected_primary,expected_direction,text,model,label_space,expected_model_label,expected_score,top_label,top_score,top3,score_security,score_power,score_achievement,score_hedonism,score_stimulation,score_self-direction,score_universalism,score_benevolence,score_conformity,score_tradition,score_care_virtue,score_care_vice,score_fairness_virtue,score_fairness_vice,score_loyalty_virtue,score_loyalty_vice,score_authority_virtue,score_authority_vice,score_sanctity_virtue,score_sanctity_vice,score_Self-direction: thought,score_Self-direction: action,score_Stimulation,score_Hedonism,score_Achievement,score_Power: dominance,score_Power: resources,score_Face,score_Security: personal,score_Security: societal,score_Tradition,score_Conformity: rules,score_Conformity: interpersonal,score_Humility,score_Benevolence: caring,score_Benevolence: dependability,score_Universalism: concern,score_Universalism: nature,score_Universalism: tolerance
benevolence,en,BENEVOLENCE,support,"In this budget, we should first protect the residents who will be hurt the most and make sure nobody is left alone.",devnote5676/schwartz-values-classifier,schwartz_10_binary_presence,benevolence,0.9984740614891052,benevolence,0.9984740614891052,"benevolence:0.998, universalism:0.994, security:0.994",0.9936990737915039,0.001191838295198977,0.0006072208052501082,6.83659891365096e-05,0.0002529529738239944,0.0005173972458578646,0.9943937063217163,0.9984740614891052,0.0029187235049903393,0.00021957349963486195,,,,,,,,,,,,,,,,,,,,,,,,,,,,,
benevolence,ko,BENEVOLENCE,support,이번 예산에서는 가장 큰 피해를 입을 주민들을 먼저 보호하고 누구도 혼자 남겨지지 않게 해야 합니다.,devnote5676/schwartz-values-classifier,schwartz_10_binary_presence,benevolence,0.17965564131736755,universalism,0.38086172938346863,"universalism:0.381, self-direction:0.245, benevolence:0.180",0.01940224878489971,0.0035015596076846123,0.003913544584065676,0.0006976483855396509,0.0029088708106428385,0.24456511437892914,0.38086172938346863,0.17965564131736755,0.0896570160984993,0.0025962982326745987,,,,,,,,,,,,,,,,,,,,,,,,,,,,,
universalism,en,UNIVERSALISM,support,"The policy should treat migrants, disabled citizens, and local residents with equal dignity and protect the environment they share.",devnote5676/schwartz-values-classifier,schwartz_10_binary_presence,universalism,0.9987457990646362,universalism,0.9987457990646362,"universalism:0.999, security:0.981, conformity:0.725",0.9805266857147217,0.0018935466650873423,0.0012311236932873726,7.547810673713684e-05,0.0016135330079123378,0.006748996675014496,0.9987457990646362,0.1350264996290207,0.7246823906898499,0.0006797087262384593,,,,,,,,,,,,,,,,,,,,,,,,,,,,,
universalism,ko,UNIVERSALISM,support,"이 정책은 이주민, 장애 시민, 지역 주민을 동등한 존엄성으로 대하고 모두가 공유하는 환경을 보호해야 합니다.",devnote5676/schwartz-values-classifier,schwartz_10_binary_presence,universalism,0.4652160704135895,universalism,0.4652160704135895,"universalism:0.465, conformity:0.326, self-direction:0.293",0.02732214704155922,0.00458460533991456,0.004992309492081404,0.0005139964050613344,0.0048957280814647675,0.29321303963661194,0.4652160704135895,0.22636471688747406,0.32570889592170715,0.0035292143002152443,,,,,,,,,,,,,,,,,,,,,,,,,,,,,
self_direction,en,SELF-DIRECTION,support,Each neighborhood should be allowed to design its own solution instead of being forced into one central plan.,devnote5676/schwartz-values-classifier,schwartz_10_binary_presence,self-direction,0.5986523032188416,universalism,0.986352801322937,"universalism:0.986, security:0.977, self-direction:0.599",0.9766858220100403,0.24217911064624786,0.00404772162437439,0.0001121310779126361,0.00034971002605743706,0.5986523032188416,0.986352801322937,0.003584809834137559,0.0013418657472357154,0.0005752274300903082,,,,,,,,,,,,,,,,,,,,,,,,,,,,,
self_direction,ko,SELF-DIRECTION,support,각 동네가 하나의 중앙 계획을 강요받기보다 스스로 해법을 설계할 수 있어야 합니다.,devnote5676/schwartz-values-classifier,schwartz_10_binary_presence,self-direction,0.17316614091396332,universalism,0.4367164671421051,"universalism:0.437, self-direction:0.173, benevolence:0.118",0.017288699746131897,0.0016298689879477024,0.0018126026261597872,0.000530139310285449,0.0009905766928568482,0.17316614091396332,0.4367164671421051,0.11791260540485382,0.109627366065979,0.001238094875589013,,,,,,,,,,,,,,,,,,,,,,,,,,,,,
stimulation,en,STIMULATION,support,We should test a bold pilot program because the current process is too predictable and cannot reveal new opportunities.,devnote5676/schwartz-values-classifier,schwartz_10_binary_presence,stimulation,0.005351133178919554,achievement,0.9867501854896545,"achievement:0.987, self-direction:0.879, universalism:0.779",0.0013690346386283636,0.0010245860321447253,0.9867501854896545,0.0001685276802163571,0.005351133178919554,0.8792969584465027,0.779344379901886,0.0753217414021492,0.0007896390743553638,0.0002568033814895898,,,,,,,,,,,,,,,,,,,,,,,,,,,,,
stimulation,ko,STIMULATION,support,현재 절차는 너무 예측 가능해서 새로운 기회를 드러내지 못하니 과감한 시범 사업을 실험해야 합니다.,devnote5676/schwartz-values-classifier,schwartz_10_binary_presence,stimulation,0.0017769261030480266,universalism,0.397285521030426,"universalism:0.397, self-direction:0.162, benevolence:0.119",0.017938988283276558,0.0023157428950071335,0.003493130672723055,0.0011485962895676494,0.0017769261030480266,0.16179345548152924,0.397285521030426,0.11929699778556824,0.07159322500228882,0.0012171377893537283,,,,,,,,,,,,,,,,,,,,,,,,,,,,,
hedonism,en,HEDONISM,support,"The public space should also be enjoyable, with music, food, and places where people can relax after work.",devnote5676/schwartz-values-classifier,schwartz_10_binary_presence,hedonism,0.9771276712417603,security,0.9954320192337036,"security:0.995, hedonism:0.977, self-direction:0.710",0.9954320192337036,0.00459197536110878,0.004494077060371637,0.9771276712417603,0.35790449380874634,0.7097120881080627,0.5690743923187256,0.013147804886102676,0.0010132992174476385,0.0007281212019734085,,,,,,,,,,,,,,,,,,,,,,,,,,,,,
hedonism,ko,HEDONISM,support,공공 공간은 퇴근 후 사람들이 쉬고 음악과 음식을 즐길 수 있는 즐거운 장소이기도 해야 합니다.,devnote5676/schwartz-values-classifier,schwartz_10_binary_presence,hedonism,0.00041585671715438366,universalism,0.42306220531463623,"universalism:0.423, benevolence:0.135, self-direction:0.107",0.015507499687373638,0.002394474344328046,0.0023879054933786392,0.00041585671715438366,0.002411995083093643,0.10741689801216125,0.42306220531463623,0.13530190289020538,0.051092442125082016,0.0016636018408462405,,,,,,,,,,,,,,,,,,,,,,,,,,,,,
achievement,en,ACHIEVEMENT,support,The project should set measurable targets and reward the teams that deliver the strongest results.,devnote5676/schwartz-values-classifier,schwartz_10_binary_presence,achievement,0.9979555606842041,achievement,0.9979555606842041,"achievement:0.998, universalism:0.916, self-direction:0.036",0.0011995580280199647,0.0006827767938375473,0.9979555606842041,0.00010131294402526692,0.00022045789228286594,0.0361986979842186,0.9155434370040894,0.002697834512218833,0.0009573819115757942,0.0001978105865418911,,,,,,,,,,,,,,,,,,,,,,,,,,,,,
achievement,ko,ACHIEVEMENT,support,이 프로젝트는 측정 가능한 목표를 세우고 가장 뛰어난 성과를 내는 팀에 보상해야 합니다.,devnote5676/schwartz-values-classifier,schwartz_10_binary_presence,achievement,0.007455885410308838,universalism,0.4065496623516083,"universalism:0.407, benevolence:0.212, self-direction:0.174",0.018773289397358894,0.00441590603441,0.007455885410308838,0.0018433477962389588,0.0022780264262109995,0.17397712171077728,0.4065496623516083,0.21220357716083527,0.14447830617427826,0.001773772295564413,,,,,,,,,,,,,,,,,,,,,,,,,,,,,
power,en,POWER,support,The city needs clear authority over the process so it can control resources and enforce the final decision.,devnote5676/schwartz-values-classifier,schwartz_10_binary_presence,power,0.9921269416809082,power,0.9921269416809082,"power:0.992, universalism:0.761, benevolence:0.502",0.45305559039115906,0.9921269416809082,0.09017695486545563,0.00010505544196348637,0.0003362995630595833,0.06019721180200577,0.7611127495765686,0.5019755363464355,0.004061125218868256,0.0008256282890215516,,,,,,,,,,,,,,,,,,,,,,,,,,,,,
power,ko,POWER,support,시는 자원을 통제하고 최종 결정을 집행할 수 있도록 절차에 대한 분명한 권한을 가져야 합니다.,devnote5676/schwartz-values-classifier,schwartz_10_binary_presence,power,0.0025176540948450565,universalism,0.40391308069229126,"universalism:0.404, self-direction:0.092, benevolence:0.068",0.017910517752170563,0.0025176540948450565,0.0026442548260092735,0.0006640570354647934,0.002007140778005123,0.09241586178541183,0.40391308069229126,0.06766878813505173,0.05406508594751358,0.0030044098384678364,,,,,,,,,,,,,,,,,,,,,,,,,,,,,
security,en,SECURITY,support,"Before expanding the service, we need strict safeguards so families know their data and safety are protected.",devnote5676/schwartz-values-classifier,schwartz_10_binary_presence,security,0.9959690570831299,security,0.9959690570831299,"security:0.996, benevolence:0.966, self-direction:0.126",0.9959690570831299,0.00635943841189146,0.0012760162353515625,0.00013464642688632011,0.0007267430191859603,0.1258896291255951,0.016943180933594704,0.9663046002388,0.06684375554323196,0.0007354634581133723,,,,,,,,,,,,,,,,,,,,,,,,,,,,,
security,ko,SECURITY,support,서비스를 확대하기 전에 가족들이 자신의 데이터와 안전이 보호된다고 알 수 있도록 엄격한 보호 장치가 필요합니다.,devnote5676/schwartz-values-classifier,schwartz_10_binary_presence,security,0.01744626834988594,universalism,0.38268259167671204,"universalism:0.383, benevolence:0.190, conformity:0.141",0.01744626834988594,0.0040696547366678715,0.003235993906855583,0.0008945044246502221,0.003249414963647723,0.14031071960926056,0.38268259167671204,0.18988971412181854,0.1411157101392746,0.0017788477707654238,,,,,,,,,,,,,,,,,,,,,,,,,,,,,
conformity,en,CONFORMITY,support,"Participants should follow the agreed rules even when they disagree, otherwise the process will lose legitimacy.",devnote5676/schwartz-values-classifier,schwartz_10_binary_presence,conformity,0.8365803360939026,universalism,0.9952612519264221,"universalism:0.995, security:0.939, conformity:0.837",0.9386024475097656,0.7765450477600098,0.004818360321223736,7.836485019652173e-05,0.0014681931352242827,0.24751828610897064,0.9952612519264221,0.008910688571631908,0.8365803360939026,0.030897321179509163,,,,,,,,,,,,,,,,,,,,,,,,,,,,,
conformity,ko,CONFORMITY,support,"참여자들은 동의하지 않더라도 합의된 규칙을 따라야 하며, 그렇지 않으면 절차의 정당성이 무너집니다.",devnote5676/schwartz-values-classifier,schwartz_10_binary_presence,conformity,0.08200202882289886,universalism,0.4515320956707001,"universalism:0.452, self-direction:0.368, benevolence:0.119",0.00887793954461813,0.0024552212562412024,0.0029004549141973257,0.0005710083642043173,0.000981818069703877,0.3682733178138733,0.4515320956707001,0.11862962692975998,0.08200202882289886,0.0014629204524680972,,,,,,,,,,,,,,,,,,,,,,,,,,,,,
tradition,en,TRADITION,support,The redevelopment should preserve the old market rituals and respect the practices that elders kept alive.,devnote5676/schwartz-values-classifier,schwartz_10_binary_presence,tradition,0.9989401698112488,tradition,0.9989401698112488,"tradition:0.999, conformity:0.982, universalism:0.944",0.07685801386833191,0.002545167924836278,0.0015523296315222979,7.603726407978684e-05,0.0009055341361090541,0.01555640809237957,0.9438426494598389,0.014208393171429634,0.9824893474578857,0.9989401698112488,,,,,,,,,,,,,,,,,,,,,,,,,,,,,
tradition,ko,TRADITION,support,재개발은 오래된 시장 의례를 보존하고 어르신들이 지켜 온 관습을 존중해야 합니다.,devnote5676/schwartz-values-classifier,schwartz_10_binary_presence,tradition,0.0014778795884922147,universalism,0.387077659368515,"universalism:0.387, self-direction:0.204, benevolence:0.180",0.017736339941620827,0.002880820771679282,0.00292660528793931,0.000860698870383203,0.001337871071882546,0.20395329594612122,0.387077659368515,0.18008823692798615,0.13904178142547607,0.0014778795884922147,,,,,,,,,,,,,,,,,,,,,,,,,,,,,
anti_security,en,SECURITY,oppose,We should ignore privacy and safety concerns if removing safeguards lets us launch faster.,devnote5676/schwartz-values-classifier,schwartz_10_binary_presence,security,0.9744422435760498,self-direction,0.9777899980545044,"self-direction:0.978, security:0.974, universalism:0.088",0.9744422435760498,0.0011552084470167756,0.003189990995451808,0.00041086869896389544,0.0003243934770580381,0.9777899980545044,0.08838385343551636,0.005608956329524517,0.0034842004533857107,0.00032745531643740833,,,,,,,,,,,,,,,,,,,,,,,,,,,,,
anti_security,ko,SECURITY,oppose,보호 장치를 없애서 더 빨리 출시할 수 있다면 개인정보와 안전 우려는 무시해야 합니다.,devnote5676/schwartz-values-classifier,schwartz_10_binary_presence,security,0.024271391332149506,universalism,0.4928915798664093,"universalism:0.493, benevolence:0.135, self-direction:0.123",0.024271391332149506,0.0019693973008543253,0.001450380077585578,0.0003195902972947806,0.0017296784790232778,0.12347722053527832,0.4928915798664093,0.1346251368522644,0.07602431625127792,0.0018868597690016031,,,,,,,,,,,,,,,,,,,,,,,,,,,,,
anti_benevolence,en,BENEVOLENCE,oppose,The vulnerable families should handle the disruption themselves; helping them would only slow the project.,devnote5676/schwartz-values-classifier,schwartz_10_binary_presence,benevolence,0.9860087037086487,security,0.9958819150924683,"security:0.996, benevolence:0.986, universalism:0.306",0.9958819150924683,0.014275612309575081,0.11446568369865417,0.00011090119369328022,0.00045939156552776694,0.015804270282387733,0.3059385418891907,0.9860087037086487,0.0037088985554873943,0.0004344942281022668,,,,,,,,,,,,,,,,,,,,,,,,,,,,,
anti_benevolence,ko,BENEVOLENCE,oppose,"취약한 가족들은 혼란을 스스로 감당해야 하며, 그들을 돕는 것은 프로젝트를 늦출 뿐입니다.",devnote5676/schwartz-values-classifier,schwartz_10_binary_presence,benevolence,0.2207937389612198,self-direction,0.5084698796272278,"self-direction:0.508, universalism:0.389, benevolence:0.221",0.01646212860941887,0.005309059284627438,0.0038311893586069345,0.0017897860379889607,0.0012661585351452231,0.5084698796272278,0.38869360089302063,0.2207937389612198,0.06951528787612915,0.0021069468930363655,,,,,,,,,,,,,,,,,,,,,,,,,,,,,
anti_tradition,en,TRADITION,oppose,Old rituals and inherited customs should not influence this decision at all.,devnote5676/schwartz-values-classifier,schwartz_10_binary_presence,tradition,0.9986487030982971,tradition,0.9986487030982971,"tradition:0.999, conformity:0.815, self-direction:0.428",0.007986105978488922,0.001764035550877452,0.004579103551805019,8.931424235925078e-05,0.0034573953598737717,0.42832449078559875,0.34485870599746704,0.00935888197273016,0.815456211566925,0.9986487030982971,,,,,,,,,,,,,,,,,,,,,,,,,,,,,
anti_tradition,ko,TRADITION,oppose,오래된 의례와 물려받은 관습은 이번 결정에 전혀 영향을 주어서는 안 됩니다.,devnote5676/schwartz-values-classifier,schwartz_10_binary_presence,tradition,0.0020621849689632654,universalism,0.3129006624221802,"universalism:0.313, self-direction:0.166, benevolence:0.157",0.017404353246092796,0.0035799897741526365,0.007358573377132416,0.001696936902590096,0.003735627979040146,0.1655290126800537,0.3129006624221802,0.15734967589378357,0.07751734554767609,0.0020621849689632654,,,,,,,,,,,,,,,,,,,,,,,,,,,,,
anti_conformity,en,CONFORMITY,oppose,People should break the agreed rules whenever the rules make negotiation inconvenient.,devnote5676/schwartz-values-classifier,schwartz_10_binary_presence,conformity,0.9957624077796936,conformity,0.9957624077796936,"conformity:0.996, security:0.857, universalism:0.853",0.8571307063102722,0.002013553399592638,0.001125831506215036,0.000194338004803285,0.00038989889435470104,0.0006851393263787031,0.8533811569213867,0.2771918773651123,0.9957624077796936,0.0028813425451517105,,,,,,,,,,,,,,,,,,,,,,,,,,,,,
anti_conformity,ko,CONFORMITY,oppose,합의된 규칙이 협상을 불편하게 만들 때마다 사람들은 그 규칙을 깨도 됩니다.,devnote5676/schwartz-values-classifier,schwartz_10_binary_presence,conformity,0.2035083770751953,universalism,0.39952898025512695,"universalism:0.400, benevolence:0.310, conformity:0.204",0.016926463693380356,0.005453372374176979,0.006924008950591087,0.0027684923261404037,0.005195628851652145,0.17810800671577454,0.39952898025512695,0.31034594774246216,0.2035083770751953,0.00225294241681695,,,,,,,,,,,,,,,,,,,,,,,,,,,,,
neutral_schedule,en,NONE,neutral,The meeting starts at three o'clock and the agenda has four items.,devnote5676/schwartz-values-classifier,schwartz_10_binary_presence,,,universalism,0.340366929769516,"universalism:0.340, self-direction:0.203, security:0.099",0.09928785264492035,0.002555395709350705,0.0018147105583921075,0.0003167891700286418,0.0020387182012200356,0.2028520256280899,0.340366929769516,0.00796620361506939,0.006107216235250235,0.0005408793222159147,,,,,,,,,,,,,,,,,,,,,,,,,,,,,
neutral_schedule,ko,NONE,neutral,회의는 세 시에 시작하고 안건은 네 가지입니다.,devnote5676/schwartz-values-classifier,schwartz_10_binary_presence,,,conformity,0.427602082490921,"conformity:0.428, universalism:0.276, self-direction:0.233",0.01580502837896347,0.007188334129750729,0.008287505246698856,0.0013819942250847816,0.0012555603170767426,0.23341801762580872,0.2761994004249573,0.14610788226127625,0.427602082490921,0.0010251631028950214,,,,,,,,,,,,,,,,,,,,,,,,,,,,,
benevolence,en,BENEVOLENCE,support,"In this budget, we should first protect the residents who will be hurt the most and make sure nobody is left alone.",MMADS/MoralFoundationsClassifier,moral_foundations_10_multilabel,,,authority_virtue,0.9897422790527344,"authority_virtue:0.990, care_virtue:0.989, care_vice:0.985",,,,,,,,,,,0.9893848299980164,0.9849668145179749,0.006060448009520769,0.008615327998995781,0.0111427316442132,0.009272397495806217,0.9897422790527344,0.012410341762006283,0.011705712415277958,0.02146989479660988,,,,,,,,,,,,,,,,,,,
benevolence,ko,BENEVOLENCE,support,이번 예산에서는 가장 큰 피해를 입을 주민들을 먼저 보호하고 누구도 혼자 남겨지지 않게 해야 합니다.,MMADS/MoralFoundationsClassifier,moral_foundations_10_multilabel,,,authority_virtue,0.0070620994083583355,"authority_virtue:0.007, sanctity_virtue:0.004, sanctity_vice:0.004",,,,,,,,,,,0.0011079731630161405,0.0022525577805936337,0.0007546954439021647,0.0013780684676021338,0.0034771827049553394,0.0013260210398584604,0.0070620994083583355,0.0009895844850689173,0.004265327472239733,0.004011824727058411,,,,,,,,,,,,,,,,,,,
universalism,en,UNIVERSALISM,support,"The policy should treat migrants, disabled citizens, and local residents with equal dignity and protect the environment they share.",MMADS/MoralFoundationsClassifier,moral_foundations_10_multilabel,,,care_virtue,0.9936867356300354,"care_virtue:0.994, sanctity_virtue:0.990, fairness_virtue:0.986",,,,,,,,,,,0.9936867356300354,0.014871533028781414,0.9860870242118835,0.03691738843917847,0.009153913706541061,0.03878805786371231,0.9735817313194275,0.0510430783033371,0.9896357655525208,0.11975642293691635,,,,,,,,,,,,,,,,,,,
universalism,ko,UNIVERSALISM,support,"이 정책은 이주민, 장애 시민, 지역 주민을 동등한 존엄성으로 대하고 모두가 공유하는 환경을 보호해야 합니다.",MMADS/MoralFoundationsClassifier,moral_foundations_10_multilabel,,,authority_virtue,0.00766702089458704,"authority_virtue:0.008, sanctity_virtue:0.004, sanctity_vice:0.004",,,,,,,,,,,0.0011011105962097645,0.0019127896521240473,0.0008333343430422246,0.0013748705387115479,0.0034087542444467545,0.001174239907413721,0.00766702089458704,0.0008643969194963574,0.004138744901865721,0.003519912716001272,,,,,,,,,,,,,,,,,,,
self_direction,en,SELF-DIRECTION,support,Each neighborhood should be allowed to design its own solution instead of being forced into one central plan.,MMADS/MoralFoundationsClassifier,moral_foundations_10_multilabel,,,authority_virtue,0.002687103347852826,"authority_virtue:0.003, loyalty_virtue:0.002, sanctity_vice:0.001",,,,,,,,,,,0.0006856007967144251,0.0004920829087495804,0.0003646642726380378,0.0004479920316953212,0.0016786674968898296,0.00017975817900151014,0.002687103347852826,0.0001669681805651635,0.0010439740726724267,0.0014157149707898498,,,,,,,,,,,,,,,,,,,
self_direction,ko,SELF-DIRECTION,support,각 동네가 하나의 중앙 계획을 강요받기보다 스스로 해법을 설계할 수 있어야 합니다.,MMADS/MoralFoundationsClassifier,moral_foundations_10_multilabel,,,authority_virtue,0.005446203052997589,"authority_virtue:0.005, loyalty_virtue:0.004, sanctity_virtue:0.003",,,,,,,,,,,0.0009199984488077462,0.001945482799783349,0.0006917520659044385,0.0010636496590450406,0.003618553513661027,0.0008782394579611719,0.005446203052997589,0.0005731338169425726,0.003032366745173931,0.0026309469249099493,,,,,,,,,,,,,,,,,,,
stimulation,en,STIMULATION,support,We should test a bold pilot program because the current process is too predictable and cannot reveal new opportunities.,MMADS/MoralFoundationsClassifier,moral_foundations_10_multilabel,,,authority_virtue,0.0026567967142909765,"authority_virtue:0.003, loyalty_virtue:0.002, sanctity_vice:0.001",,,,,,,,,,,0.0006564566283486784,0.00047083402751013637,0.00037111080018803477,0.0004523363313637674,0.0016691405326128006,0.00017877192294690758,0.0026567967142909765,0.00016789574874565005,0.0010567663703113794,0.0014283484779298306,,,,,,,,,,,,,,,,,,,
stimulation,ko,STIMULATION,support,현재 절차는 너무 예측 가능해서 새로운 기회를 드러내지 못하니 과감한 시범 사업을 실험해야 합니다.,MMADS/MoralFoundationsClassifier,moral_foundations_10_multilabel,,,authority_virtue,0.00616998877376318,"authority_virtue:0.006, sanctity_virtue:0.005, sanctity_vice:0.004",,,,,,,,,,,0.0011352148139849305,0.0024581369943916798,0.0007391240797005594,0.0013318544952198863,0.003499297657981515,0.0013412097468972206,0.00616998877376318,0.000983421690762043,0.00451549282297492,0.004301535896956921,,,,,,,,,,,,,,,,,,,
hedonism,en,HEDONISM,support,"The public space should also be enjoyable, with music, food, and places where people can relax after work.",MMADS/MoralFoundationsClassifier,moral_foundations_10_multilabel,,,sanctity_virtue,0.9912541508674622,"sanctity_virtue:0.991, authority_virtue:0.012, sanctity_vice:0.006",,,,,,,,,,,0.0027260142378509045,0.003956696018576622,0.002838134067133069,0.0020556002855300903,0.006312706973403692,0.0018335642525926232,0.012383027002215385,0.0014826200203970075,0.9912541508674622,0.006480982527136803,,,,,,,,,,,,,,,,,,,
hedonism,ko,HEDONISM,support,공공 공간은 퇴근 후 사람들이 쉬고 음악과 음식을 즐길 수 있는 즐거운 장소이기도 해야 합니다.,MMADS/MoralFoundationsClassifier,moral_foundations_10_multilabel,,,authority_virtue,0.006398089230060577,"authority_virtue:0.006, sanctity_virtue:0.004, sanctity_vice:0.004",,,,,,,,,,,0.0011000842787325382,0.0026223149616271257,0.0006963182240724564,0.001162397675216198,0.003251571673899889,0.0012424883898347616,0.006398089230060577,0.0009405136806890368,0.004295462276786566,0.00425975164398551,,,,,,,,,,,,,,,,,,,
achievement,en,ACHIEVEMENT,support,The project should set measurable targets and reward the teams that deliver the strongest results.,MMADS/MoralFoundationsClassifier,moral_foundations_10_multilabel,,,authority_virtue,0.002669974695891142,"authority_virtue:0.003, loyalty_virtue:0.002, sanctity_vice:0.001",,,,,,,,,,,0.0006510668317787349,0.0004650485934689641,0.0003730247262865305,0.00045375499757938087,0.001674820319749415,0.00017902711988426745,0.002669974695891142,0.00016815945855341852,0.0010611184407025576,0.0014334501465782523,,,,,,,,,,,,,,,,,,,
achievement,ko,ACHIEVEMENT,support,이 프로젝트는 측정 가능한 목표를 세우고 가장 뛰어난 성과를 내는 팀에 보상해야 합니다.,MMADS/MoralFoundationsClassifier,moral_foundations_10_multilabel,,,authority_virtue,0.006722709164023399,"authority_virtue:0.007, sanctity_virtue:0.004, sanctity_vice:0.004",,,,,,,,,,,0.0011096145026385784,0.0021883982699364424,0.0007693538791500032,0.0012846286408603191,0.003655399661511183,0.0012391501804813743,0.006722709164023399,0.0009444206370972097,0.0041801948100328445,0.003936214838176966,,,,,,,,,,,,,,,,,,,
power,en,POWER,support,The city needs clear authority over the process so it can control resources and enforce the final decision.,MMADS/MoralFoundationsClassifier,moral_foundations_10_multilabel,,,authority_virtue,0.9891356229782104,"authority_virtue:0.989, sanctity_vice:0.003, sanctity_virtue:0.003",,,,,,,,,,,0.0015976553549990058,0.0008180731674656272,0.0013288852060213685,0.0008692129631526768,0.0024791934993118048,0.0006164279184304178,0.9891356229782104,0.0008505997247993946,0.0028001093305647373,0.003257220610976219,,,,,,,,,,,,,,,,,,,
power,ko,POWER,support,시는 자원을 통제하고 최종 결정을 집행할 수 있도록 절차에 대한 분명한 권한을 가져야 합니다.,MMADS/MoralFoundationsClassifier,moral_foundations_10_multilabel,,,authority_virtue,0.007008691783994436,"authority_virtue:0.007, sanctity_virtue:0.004, sanctity_vice:0.004",,,,,,,,,,,0.001118038664571941,0.002146829618141055,0.0007836318109184504,0.001307475147768855,0.003442054847255349,0.001165366149507463,0.007008691783994436,0.0008514933870173991,0.004073308780789375,0.0035759960301220417,,,,,,,,,,,,,,,,,,,
security,en,SECURITY,support,"Before expanding the service, we need strict safeguards so families know their data and safety are protected.",MMADS/MoralFoundationsClassifier,moral_foundations_10_multilabel,,,loyalty_virtue,0.9863538146018982,"loyalty_virtue:0.986, care_virtue:0.984, authority_virtue:0.983",,,,,,,,,,,0.9841135144233704,0.004787357058376074,0.006358353886753321,0.004012663383036852,0.9863538146018982,0.003842149628326297,0.9831876158714294,0.005023606587201357,0.014703406020998955,0.004149474203586578,,,,,,,,,,,,,,,,,,,
security,ko,SECURITY,support,서비스를 확대하기 전에 가족들이 자신의 데이터와 안전이 보호된다고 알 수 있도록 엄격한 보호 장치가 필요합니다.,MMADS/MoralFoundationsClassifier,moral_foundations_10_multilabel,,,authority_virtue,0.007141497451812029,"authority_virtue:0.007, sanctity_virtue:0.004, sanctity_vice:0.004",,,,,,,,,,,0.0010784247424453497,0.0019788662903010845,0.0007839592872187495,0.0013134197797626257,0.0032283130567520857,0.0011226603528484702,0.007141497451812029,0.0008993898518383503,0.0038522551767528057,0.003774828976020217,,,,,,,,,,,,,,,,,,,
conformity,en,CONFORMITY,support,"Participants should follow the agreed rules even when they disagree, otherwise the process will lose legitimacy.",MMADS/MoralFoundationsClassifier,moral_foundations_10_multilabel,,,authority_virtue,0.033996012061834335,"authority_virtue:0.034, loyalty_virtue:0.005, sanctity_virtue:0.004",,,,,,,,,,,0.0012605175143107772,0.0006114766583777964,0.001286391168832779,0.0014110147021710873,0.005375707987695932,0.0010660040425136685,0.033996012061834335,0.0012075238628312945,0.0035925644915550947,0.0022398950532078743,,,,,,,,,,,,,,,,,,,
conformity,ko,CONFORMITY,support,"참여자들은 동의하지 않더라도 합의된 규칙을 따라야 하며, 그렇지 않으면 절차의 정당성이 무너집니다.",MMADS/MoralFoundationsClassifier,moral_foundations_10_multilabel,,,authority_virtue,0.006531113293021917,"authority_virtue:0.007, sanctity_virtue:0.004, sanctity_vice:0.004",,,,,,,,,,,0.0010768165811896324,0.001939179259352386,0.000800045148935169,0.001355437096208334,0.003318386385217309,0.0011544483713805676,0.006531113293021917,0.0008607698255218565,0.004034366458654404,0.0035641647409647703,,,,,,,,,,,,,,,,,,,
tradition,en,TRADITION,support,The redevelopment should preserve the old market rituals and respect the practices that elders kept alive.,MMADS/MoralFoundationsClassifier,moral_foundations_10_multilabel,,,authority_virtue,0.9877619743347168,"authority_virtue:0.988, sanctity_vice:0.003, sanctity_virtue:0.003",,,,,,,,,,,0.0013634688220918179,0.0007236127858050168,0.0013980329968035221,0.0008959297556430101,0.0024752814788371325,0.0006204243982210755,0.9877619743347168,0.0008634798577986658,0.0029956132639199495,0.0030032803770154715,,,,,,,,,,,,,,,,,,,
tradition,ko,TRADITION,support,재개발은 오래된 시장 의례를 보존하고 어르신들이 지켜 온 관습을 존중해야 합니다.,MMADS/MoralFoundationsClassifier,moral_foundations_10_multilabel,,,authority_virtue,0.005809338763356209,"authority_virtue:0.006, loyalty_virtue:0.004, sanctity_virtue:0.003",,,,,,,,,,,0.0009526319336146116,0.0015203239163383842,0.0007158723892644048,0.0011040142271667719,0.003528140950948,0.0008566761389374733,0.005809338763356209,0.0006079896120354533,0.0030373530462384224,0.0027449631597846746,,,,,,,,,,,,,,,,,,,
anti_security,en,SECURITY,oppose,We should ignore privacy and safety concerns if removing safeguards lets us launch faster.,MMADS/MoralFoundationsClassifier,moral_foundations_10_multilabel,,,care_virtue,0.9912014007568359,"care_virtue:0.991, authority_virtue:0.005, care_vice:0.004",,,,,,,,,,,0.9912014007568359,0.0041544558480381966,0.0012499176664277911,0.0007961957016959786,0.0021569128148257732,0.0005805713008157909,0.005143757909536362,0.0008872890612110496,0.0022275755181908607,0.001543708029203117,,,,,,,,,,,,,,,,,,,
anti_security,ko,SECURITY,oppose,보호 장치를 없애서 더 빨리 출시할 수 있다면 개인정보와 안전 우려는 무시해야 합니다.,MMADS/MoralFoundationsClassifier,moral_foundations_10_multilabel,,,authority_virtue,0.00859703216701746,"authority_virtue:0.009, sanctity_virtue:0.005, loyalty_virtue:0.004",,,,,,,,,,,0.0012530311942100525,0.0021166035439819098,0.0010394180426374078,0.001919665839523077,0.004118164069950581,0.0015218418557196856,0.00859703216701746,0.0011686683865264058,0.004788629245012999,0.0038442565128207207,,,,,,,,,,,,,,,,,,,
anti_benevolence,en,BENEVOLENCE,oppose,The vulnerable families should handle the disruption themselves; helping them would only slow the project.,MMADS/MoralFoundationsClassifier,moral_foundations_10_multilabel,,,care_virtue,0.9923905730247498,"care_virtue:0.992, loyalty_virtue:0.989, care_vice:0.975",,,,,,,,,,,0.9923905730247498,0.9750136733055115,0.007016152609139681,0.009953686967492104,0.9888826012611389,0.005471333861351013,0.04970628768205643,0.00569218909367919,0.012656890787184238,0.005357801914215088,,,,,,,,,,,,,,,,,,,
anti_benevolence,ko,BENEVOLENCE,oppose,"취약한 가족들은 혼란을 스스로 감당해야 하며, 그들을 돕는 것은 프로젝트를 늦출 뿐입니다.",MMADS/MoralFoundationsClassifier,moral_foundations_10_multilabel,,,authority_virtue,0.006330334581434727,"authority_virtue:0.006, sanctity_virtue:0.004, sanctity_vice:0.004",,,,,,,,,,,0.0010947854025289416,0.0023260866291821003,0.0007012528949417174,0.0012643972877413034,0.0035760558675974607,0.00127870449796319,0.006330334581434727,0.000959106138907373,0.004314585588872433,0.003933523781597614,,,,,,,,,,,,,,,,,,,
anti_tradition,en,TRADITION,oppose,Old rituals and inherited customs should not influence this decision at all.,MMADS/MoralFoundationsClassifier,moral_foundations_10_multilabel,,,authority_virtue,0.5916486978530884,"authority_virtue:0.592, loyalty_virtue:0.003, sanctity_virtue:0.003",,,,,,,,,,,0.000845715927425772,0.00045109426719136536,0.0018335947534069419,0.001231514266692102,0.002827402902767062,0.000750266422983259,0.5916486978530884,0.0011467498261481524,0.002760309260338545,0.0020566354505717754,,,,,,,,,,,,,,,,,,,
anti_tradition,ko,TRADITION,oppose,오래된 의례와 물려받은 관습은 이번 결정에 전혀 영향을 주어서는 안 됩니다.,MMADS/MoralFoundationsClassifier,moral_foundations_10_multilabel,,,authority_virtue,0.008147520013153553,"authority_virtue:0.008, loyalty_virtue:0.004, sanctity_virtue:0.004",,,,,,,,,,,0.0012244571698829532,0.001719093881547451,0.00101440807338804,0.0015894861426204443,0.0040409015491604805,0.0011943698627874255,0.008147520013153553,0.0009354620124213398,0.004003547132015228,0.003267332911491394,,,,,,,,,,,,,,,,,,,
anti_conformity,en,CONFORMITY,oppose,People should break the agreed rules whenever the rules make negotiation inconvenient.,MMADS/MoralFoundationsClassifier,moral_foundations_10_multilabel,,,authority_virtue,0.0026594388764351606,"authority_virtue:0.003, loyalty_virtue:0.002, sanctity_vice:0.001",,,,,,,,,,,0.0006514749256893992,0.0004727480700239539,0.0003711097233463079,0.0004538778739515692,0.0016585530247539282,0.00017983035650104284,0.0026594388764351606,0.0001693592348601669,0.0010598519584164023,0.001452909898944199,,,,,,,,,,,,,,,,,,,
anti_conformity,ko,CONFORMITY,oppose,합의된 규칙이 협상을 불편하게 만들 때마다 사람들은 그 규칙을 깨도 됩니다.,MMADS/MoralFoundationsClassifier,moral_foundations_10_multilabel,,,authority_virtue,0.00577107910066843,"authority_virtue:0.006, loyalty_virtue:0.003, sanctity_virtue:0.003",,,,,,,,,,,0.0009843976004049182,0.0022358575370162725,0.0006109614041633904,0.0010027607204392552,0.003479850711300969,0.0009748199954628944,0.00577107910066843,0.0006642583175562322,0.0033946356270462275,0.0029331829864531755,,,,,,,,,,,,,,,,,,,
neutral_schedule,en,NONE,neutral,The meeting starts at three o'clock and the agenda has four items.,MMADS/MoralFoundationsClassifier,moral_foundations_10_multilabel,,,authority_virtue,0.0026546018198132515,"authority_virtue:0.003, loyalty_virtue:0.002, sanctity_vice:0.001",,,,,,,,,,,0.0006547559169121087,0.00047061932855285704,0.0003702538670040667,0.0004521557129919529,0.001666669500991702,0.00017843948444351554,0.0026546018198132515,0.00016767671331763268,0.0010521204676479101,0.001437137252651155,,,,,,,,,,,,,,,,,,,
neutral_schedule,ko,NONE,neutral,회의는 세 시에 시작하고 안건은 네 가지입니다.,MMADS/MoralFoundationsClassifier,moral_foundations_10_multilabel,,,authority_virtue,0.006341435946524143,"authority_virtue:0.006, loyalty_virtue:0.004, sanctity_virtue:0.003",,,,,,,,,,,0.0010022803908213973,0.001879534451290965,0.0008534191874787211,0.0015002975706011057,0.0039292084984481335,0.0011114331427961588,0.006341435946524143,0.0007605086429975927,0.003472290700301528,0.0028080292977392673,,,,,,,,,,,,,,,,,,,
benevolence,en,BENEVOLENCE,support,"In this budget, we should first protect the residents who will be hurt the most and make sure nobody is left alone.",VictorYeste/human-value-detection-deberta-liwc-22,valueeval24_19_dummy_liwc,Benevolence: caring | Benevolence: dependability,0.29506710171699524,Universalism: concern,0.9237686395645142,"Universalism: concern:0.924, Benevolence: caring:0.295, Security: societal:0.178",,,,,,,,,,,,,,,,,,,,,0.004418766126036644,0.009396721608936787,0.010514396242797375,0.008176769129931927,0.005836692173033953,0.016793690621852875,0.029394710436463356,0.00603119470179081,0.06326145678758621,0.17820870876312256,0.0020582773722708225,0.02255667746067047,0.021482450887560844,0.0041563683189451694,0.29506710171699524,0.04564131423830986,0.9237686395645142,0.02291972003877163,0.007285231724381447
benevolence,ko,BENEVOLENCE,support,이번 예산에서는 가장 큰 피해를 입을 주민들을 먼저 보호하고 누구도 혼자 남겨지지 않게 해야 합니다.,VictorYeste/human-value-detection-deberta-liwc-22,valueeval24_19_dummy_liwc,Benevolence: caring | Benevolence: dependability,0.009215258993208408,Power: resources,0.029104923829436302,"Power: resources:0.029, Conformity: rules:0.026, Power: dominance:0.026",,,,,,,,,,,,,,,,,,,,,0.008494455367326736,0.007668428588658571,0.010019670240581036,0.009061106480658054,0.010078638792037964,0.02601553127169609,0.029104923829436302,0.010991006158292294,0.005894158035516739,0.014102192595601082,0.007933507673442364,0.026095977053046227,0.009730699472129345,0.0031905868090689182,0.009215258993208408,0.008871128782629967,0.005834667012095451,0.006428124383091927,0.003891091328114271
universalism,en,UNIVERSALISM,support,"The policy should treat migrants, disabled citizens, and local residents with equal dignity and protect the environment they share.",VictorYeste/human-value-detection-deberta-liwc-22,valueeval24_19_dummy_liwc,Universalism: concern | Universalism: nature | Universalism: tolerance,0.9890401363372803,Universalism: nature,0.9890401363372803,"Universalism: nature:0.989, Universalism: concern:0.507, Benevolence: caring:0.067",,,,,,,,,,,,,,,,,,,,,0.008625157177448273,0.005602912046015263,0.0526108480989933,0.02207958698272705,0.015057246200740337,0.029805032536387444,0.009701639413833618,0.0061268070712685585,0.020149150863289833,0.010561008006334305,0.014232410117983818,0.018401289358735085,0.019048921763896942,0.008341231383383274,0.06712808459997177,0.03795824572443962,0.5073344111442566,0.9890401363372803,0.04363004490733147
universalism,ko,UNIVERSALISM,support,"이 정책은 이주민, 장애 시민, 지역 주민을 동등한 존엄성으로 대하고 모두가 공유하는 환경을 보호해야 합니다.",VictorYeste/human-value-detection-deberta-liwc-22,valueeval24_19_dummy_liwc,Universalism: concern | Universalism: nature | Universalism: tolerance,0.007200370542705059,Power: dominance,0.03087068721652031,"Power: dominance:0.031, Conformity: rules:0.027, Power: resources:0.024",,,,,,,,,,,,,,,,,,,,,0.008758754469454288,0.0077818394638597965,0.00801755115389824,0.008567499928176403,0.008752530440688133,0.03087068721652031,0.02407795563340187,0.009033357724547386,0.004992283880710602,0.009013274684548378,0.0062647620216012,0.026721017435193062,0.008808343671262264,0.0037557953037321568,0.009755625389516354,0.008481986820697784,0.005067578051239252,0.007200370542705059,0.004064617212861776
self_direction,en,SELF-DIRECTION,support,Each neighborhood should be allowed to design its own solution instead of being forced into one central plan.,VictorYeste/human-value-detection-deberta-liwc-22,valueeval24_19_dummy_liwc,Self-direction: thought | Self-direction: action,0.9694181680679321,Self-direction: action,0.9694181680679321,"Self-direction: action:0.969, Self-direction: thought:0.613, Stimulation:0.095",,,,,,,,,,,,,,,,,,,,,0.6125609874725342,0.9694181680679321,0.09506332874298096,0.017422474920749664,0.004262676928192377,0.01781560108065605,0.010679374448955059,0.005944139789789915,0.027095014229416847,0.025022512301802635,0.05069228634238243,0.015365991741418839,0.04958265274763107,0.006506405305117369,0.018607445061206818,0.01623571664094925,0.025795884430408478,0.023632388561964035,0.06845470517873764
self_direction,ko,SELF-DIRECTION,support,각 동네가 하나의 중앙 계획을 강요받기보다 스스로 해법을 설계할 수 있어야 합니다.,VictorYeste/human-value-detection-deberta-liwc-22,valueeval24_19_dummy_liwc,Self-direction: thought | Self-direction: action,0.006959605496376753,Power: dominance,0.03157277777791023,"Power: dominance:0.032, Power: resources:0.027, Conformity: rules:0.025",,,,,,,,,,,,,,,,,,,,,0.006269489414989948,0.006959605496376753,0.009549688547849655,0.0062650591135025024,0.008722641505300999,0.03157277777791023,0.027460681274533272,0.006597205065190792,0.00523374741896987,0.011268729344010353,0.008327110670506954,0.025480074808001518,0.010422468185424805,0.0030619725584983826,0.009283924475312233,0.011352885514497757,0.005667531862854958,0.006936089135706425,0.0026316677685827017
stimulation,en,STIMULATION,support,We should test a bold pilot program because the current process is too predictable and cannot reveal new opportunities.,VictorYeste/human-value-detection-deberta-liwc-22,valueeval24_19_dummy_liwc,Stimulation,0.9217343926429749,Stimulation,0.9217343926429749,"Stimulation:0.922, Self-direction: action:0.125, Self-direction: thought:0.111",,,,,,,,,,,,,,,,,,,,,0.1110672727227211,0.1254357397556305,0.9217343926429749,0.0046057431027293205,0.017549090087413788,0.00910471472889185,0.002421110635623336,0.0075477235950529575,0.016427723690867424,0.08668970316648483,0.00427229143679142,0.004073224030435085,0.014894925989210606,0.007265177555382252,0.004923781380057335,0.006964049302041531,0.019817514345049858,0.0072106001898646355,0.005855492781847715
stimulation,ko,STIMULATION,support,현재 절차는 너무 예측 가능해서 새로운 기회를 드러내지 못하니 과감한 시범 사업을 실험해야 합니다.,VictorYeste/human-value-detection-deberta-liwc-22,valueeval24_19_dummy_liwc,Stimulation,0.01158810593187809,Conformity: rules,0.03068062849342823,"Conformity: rules:0.031, Power: dominance:0.026, Power: resources:0.026",,,,,,,,,,,,,,,,,,,,,0.006867093965411186,0.0073465327732264996,0.01158810593187809,0.008432694710791111,0.009370419196784496,0.026403648778796196,0.0263097882270813,0.008606242015957832,0.0044109635055065155,0.01414136029779911,0.010375072248280048,0.03068062849342823,0.010170713998377323,0.0034866484347730875,0.01020692940801382,0.013341119512915611,0.005329469684511423,0.0080140745267272,0.003418071661144495
hedonism,en,HEDONISM,support,"The public space should also be enjoyable, with music, food, and places where people can relax after work.",VictorYeste/human-value-detection-deberta-liwc-22,valueeval24_19_dummy_liwc,Hedonism,0.9956191182136536,Hedonism,0.9956191182136536,"Hedonism:0.996, Stimulation:0.334, Security: personal:0.161",,,,,,,,,,,,,,,,,,,,,0.034954674541950226,0.06788797676563263,0.33432331681251526,0.9956191182136536,0.009930332191288471,0.013441766612231731,0.016430897638201714,0.024436356499791145,0.16079343855381012,0.02020992524921894,0.02881535515189171,0.01892741024494171,0.045940954238176346,0.08027452230453491,0.06422111392021179,0.019972743466496468,0.009670372121036053,0.027042629197239876,0.0430099219083786
hedonism,ko,HEDONISM,support,공공 공간은 퇴근 후 사람들이 쉬고 음악과 음식을 즐길 수 있는 즐거운 장소이기도 해야 합니다.,VictorYeste/human-value-detection-deberta-liwc-22,valueeval24_19_dummy_liwc,Hedonism,0.006563427858054638,Power: dominance,0.03563721477985382,"Power: dominance:0.036, Power: resources:0.033, Conformity: rules:0.031",,,,,,,,,,,,,,,,,,,,,0.008213802240788937,0.0093672601506114,0.010544278658926487,0.006563427858054638,0.01181459054350853,0.03563721477985382,0.033473480492830276,0.0111998924985528,0.006026129238307476,0.017375729978084564,0.012268259190022945,0.031000521034002304,0.01231391541659832,0.003941642120480537,0.011828694492578506,0.014410489238798618,0.007471611723303795,0.0072694988921284676,0.003870528656989336
achievement,en,ACHIEVEMENT,support,The project should set measurable targets and reward the teams that deliver the strongest results.,VictorYeste/human-value-detection-deberta-liwc-22,valueeval24_19_dummy_liwc,Achievement,0.7833017110824585,Achievement,0.7833017110824585,"Achievement:0.783, Power: resources:0.190, Stimulation:0.066",,,,,,,,,,,,,,,,,,,,,0.008154497481882572,0.022404225543141365,0.06648488342761993,0.007009922992438078,0.7833017110824585,0.051489293575286865,0.19030258059501648,0.009011213667690754,0.010122017934918404,0.000859753810800612,0.0028239444363862276,0.00608446542173624,0.008273635990917683,0.015600458718836308,0.025927288457751274,0.03205373138189316,0.005155346356332302,0.010622119531035423,0.0019030582625418901
achievement,ko,ACHIEVEMENT,support,이 프로젝트는 측정 가능한 목표를 세우고 가장 뛰어난 성과를 내는 팀에 보상해야 합니다.,VictorYeste/human-value-detection-deberta-liwc-22,valueeval24_19_dummy_liwc,Achievement,0.01028809230774641,Power: resources,0.028386389836668968,"Power: resources:0.028, Power: dominance:0.025, Conformity: rules:0.020",,,,,,,,,,,,,,,,,,,,,0.006459543947130442,0.006288575939834118,0.009453348815441132,0.007956596091389656,0.01028809230774641,0.025326378643512726,0.028386389836668968,0.008274711668491364,0.005220214836299419,0.011537124402821064,0.006685640197247267,0.019838986918330193,0.008923554793000221,0.003289678832516074,0.009493386372923851,0.010056455619633198,0.005446892697364092,0.005854013841599226,0.0037336761597543955
power,en,POWER,support,The city needs clear authority over the process so it can control resources and enforce the final decision.,VictorYeste/human-value-detection-deberta-liwc-22,valueeval24_19_dummy_liwc,Power: dominance | Power: resources,0.9233130216598511,Power: dominance,0.9233130216598511,"Power: dominance:0.923, Conformity: rules:0.303, Self-direction: action:0.078",,,,,,,,,,,,,,,,,,,,,0.011047419160604477,0.07776489108800888,0.0075889648869633675,0.0037581976503133774,0.00928100012242794,0.9233130216598511,0.06755281984806061,0.003607681719586253,0.010977242141962051,0.01079833135008812,0.0031023842748254538,0.3025132715702057,0.008187146857380867,0.001835332252085209,0.005937645677477121,0.0039701443165540695,0.006375328171998262,0.005682304035872221,0.004751410335302353
power,ko,POWER,support,시는 자원을 통제하고 최종 결정을 집행할 수 있도록 절차에 대한 분명한 권한을 가져야 합니다.,VictorYeste/human-value-detection-deberta-liwc-22,valueeval24_19_dummy_liwc,Power: dominance | Power: resources,0.03511381521821022,Power: dominance,0.03511381521821022,"Power: dominance:0.035, Power: resources:0.028, Conformity: rules:0.027",,,,,,,,,,,,,,,,,,,,,0.005605984013527632,0.00708834920078516,0.011200453154742718,0.006576586980372667,0.007734883110970259,0.03511381521821022,0.02801194041967392,0.009252775460481644,0.003654748434200883,0.015857329592108727,0.007504608947783709,0.02734397165477276,0.010179623030126095,0.002808611374348402,0.008809676393866539,0.011669987812638283,0.005468206014484167,0.00798834953457117,0.003412313526496291
security,en,SECURITY,support,"Before expanding the service, we need strict safeguards so families know their data and safety are protected.",VictorYeste/human-value-detection-deberta-liwc-22,valueeval24_19_dummy_liwc,Security: personal | Security: societal,0.9410943388938904,Security: personal,0.9410943388938904,"Security: personal:0.941, Security: societal:0.794, Conformity: rules:0.059",,,,,,,,,,,,,,,,,,,,,0.0113652553409338,0.014316343702375889,0.0071884021162986755,0.007155975792557001,0.005758348852396011,0.010586054995656013,0.003386167110875249,0.005527980159968138,0.9410943388938904,0.7936164140701294,0.0043008578941226006,0.05937850847840309,0.01660040020942688,0.005678019020706415,0.016534363850951195,0.0063180699944496155,0.011453178711235523,0.0028090481646358967,0.0039494093507528305
security,ko,SECURITY,support,서비스를 확대하기 전에 가족들이 자신의 데이터와 안전이 보호된다고 알 수 있도록 엄격한 보호 장치가 필요합니다.,VictorYeste/human-value-detection-deberta-liwc-22,valueeval24_19_dummy_liwc,Security: personal | Security: societal,0.011742995120584965,Power: dominance,0.03053060732781887,"Power: dominance:0.031, Power: resources:0.024, Conformity: rules:0.023",,,,,,,,,,,,,,,,,,,,,0.005661942530423403,0.00783276092261076,0.011597187258303165,0.007977097295224667,0.006594749167561531,0.03053060732781887,0.023783614858984947,0.00721626915037632,0.004376614931970835,0.011742995120584965,0.008990992791950703,0.023108799010515213,0.008264834061264992,0.0030617162119597197,0.009036746807396412,0.009714172221720219,0.005138874985277653,0.007914776913821697,0.003631327301263809
conformity,en,CONFORMITY,support,"Participants should follow the agreed rules even when they disagree, otherwise the process will lose legitimacy.",VictorYeste/human-value-detection-deberta-liwc-22,valueeval24_19_dummy_liwc,Conformity: rules | Conformity: interpersonal,0.9875215888023376,Conformity: rules,0.9875215888023376,"Conformity: rules:0.988, Power: dominance:0.063, Universalism: concern:0.049",,,,,,,,,,,,,,,,,,,,,0.011532160453498363,0.014110056683421135,0.010384692810475826,0.0024688835255801678,0.014051254838705063,0.06344348192214966,0.0017616088734939694,0.00261646113358438,0.011258300393819809,0.014897165820002556,0.004290142562240362,0.9875215888023376,0.035232000052928925,0.0018295769114047289,0.010400400497019291,0.02305758185684681,0.048798225820064545,0.006578290835022926,0.010568094439804554
conformity,ko,CONFORMITY,support,"참여자들은 동의하지 않더라도 합의된 규칙을 따라야 하며, 그렇지 않으면 절차의 정당성이 무너집니다.",VictorYeste/human-value-detection-deberta-liwc-22,valueeval24_19_dummy_liwc,Conformity: rules | Conformity: interpersonal,0.021374383941292763,Power: dominance,0.027712997049093246,"Power: dominance:0.028, Power: resources:0.025, Conformity: rules:0.021",,,,,,,,,,,,,,,,,,,,,0.006011204328387976,0.006698578596115112,0.010096680372953415,0.005673928186297417,0.0077022043988108635,0.027712997049093246,0.024806180968880653,0.008708634413778782,0.004326797090470791,0.012447690591216087,0.008307041600346565,0.021374383941292763,0.00805487111210823,0.0029712431132793427,0.00808554608374834,0.010635428130626678,0.004535991232842207,0.007055208552628756,0.0026969187892973423
tradition,en,TRADITION,support,The redevelopment should preserve the old market rituals and respect the practices that elders kept alive.,VictorYeste/human-value-detection-deberta-liwc-22,valueeval24_19_dummy_liwc,Tradition,0.9984745383262634,Tradition,0.9984745383262634,"Tradition:0.998, Conformity: rules:0.305, Benevolence: caring:0.080",,,,,,,,,,,,,,,,,,,,,0.023939089849591255,0.036169860512018204,0.04040098935365677,0.024877896532416344,0.04675200209021568,0.02797147072851658,0.04732341691851616,0.01744733937084675,0.031702812761068344,0.041887231171131134,0.9984745383262634,0.30520322918891907,0.0366920530796051,0.01713097281754017,0.08013975620269775,0.029897471889853477,0.021615272387862206,0.029826048761606216,0.015658767893910408
tradition,ko,TRADITION,support,재개발은 오래된 시장 의례를 보존하고 어르신들이 지켜 온 관습을 존중해야 합니다.,VictorYeste/human-value-detection-deberta-liwc-22,valueeval24_19_dummy_liwc,Tradition,0.007588231936097145,Power: dominance,0.02441100962460041,"Power: dominance:0.024, Conformity: rules:0.023, Power: resources:0.022",,,,,,,,,,,,,,,,,,,,,0.004643983673304319,0.006308927666395903,0.007944741286337376,0.005063732620328665,0.007595687173306942,0.02441100962460041,0.02230352722108364,0.005773397162556648,0.0045300680212676525,0.015457099303603172,0.007588231936097145,0.023131901398301125,0.007514292374253273,0.0023833445739001036,0.009067364037036896,0.008234734646975994,0.005397988948971033,0.006494761444628239,0.0027476728428155184
anti_security,en,SECURITY,oppose,We should ignore privacy and safety concerns if removing safeguards lets us launch faster.,VictorYeste/human-value-detection-deberta-liwc-22,valueeval24_19_dummy_liwc,Security: personal | Security: societal,0.9054696559906006,Security: societal,0.9054696559906006,"Security: societal:0.905, Security: personal:0.148, Conformity: interpersonal:0.114",,,,,,,,,,,,,,,,,,,,,0.012128450907766819,0.018339592963457108,0.011129368096590042,0.005272910930216312,0.004153016023337841,0.011774923652410507,0.0009737826185300946,0.00988426897674799,0.14831484854221344,0.9054696559906006,0.002501470735296607,0.08580333739519119,0.11351977288722992,0.0037663904950022697,0.009498270228505135,0.017196958884596825,0.054406750947237015,0.009602566249668598,0.009314869530498981
anti_security,ko,SECURITY,oppose,보호 장치를 없애서 더 빨리 출시할 수 있다면 개인정보와 안전 우려는 무시해야 합니다.,VictorYeste/human-value-detection-deberta-liwc-22,valueeval24_19_dummy_liwc,Security: personal | Security: societal,0.01449188869446516,Power: dominance,0.030219130218029022,"Power: dominance:0.030, Power: resources:0.029, Conformity: rules:0.024",,,,,,,,,,,,,,,,,,,,,0.00990026444196701,0.008471774868667126,0.011495403945446014,0.0073871370404958725,0.00972906406968832,0.030219130218029022,0.029384031891822815,0.007762136869132519,0.00755639374256134,0.01449188869446516,0.00962460320442915,0.023879269137978554,0.011688634753227234,0.0037575301248580217,0.011328762397170067,0.014300801791250706,0.006446523126214743,0.007937137968838215,0.003781341714784503
anti_benevolence,en,BENEVOLENCE,oppose,The vulnerable families should handle the disruption themselves; helping them would only slow the project.,VictorYeste/human-value-detection-deberta-liwc-22,valueeval24_19_dummy_liwc,Benevolence: caring | Benevolence: dependability,0.05701456218957901,Self-direction: action,0.8260641694068909,"Self-direction: action:0.826, Power: dominance:0.166, Security: societal:0.094",,,,,,,,,,,,,,,,,,,,,0.035302791744470596,0.8260641694068909,0.023468127474188805,0.0017531216144561768,0.004716794937849045,0.1656016707420349,0.008550816215574741,0.002517381217330694,0.012210536748170853,0.09393618255853653,0.002606445923447609,0.010523226112127304,0.04567813500761986,0.0013149649603292346,0.05701456218957901,0.05455955117940903,0.06761622428894043,0.005580629222095013,0.004647237714380026
anti_benevolence,ko,BENEVOLENCE,oppose,"취약한 가족들은 혼란을 스스로 감당해야 하며, 그들을 돕는 것은 프로젝트를 늦출 뿐입니다.",VictorYeste/human-value-detection-deberta-liwc-22,valueeval24_19_dummy_liwc,Benevolence: caring | Benevolence: dependability,0.007825772278010845,Power: resources,0.02597142942249775,"Power: resources:0.026, Power: dominance:0.025, Conformity: rules:0.015",,,,,,,,,,,,,,,,,,,,,0.004684878513216972,0.005688657518476248,0.0069877333007752895,0.005114267580211163,0.006000040099024773,0.02487833797931671,0.02597142942249775,0.007298924494534731,0.004414757248014212,0.010746492072939873,0.007430837955325842,0.014982667751610279,0.006481584627181292,0.0025175234768539667,0.007565800566226244,0.007825772278010845,0.004933561664074659,0.005615361966192722,0.002769478363916278
anti_tradition,en,TRADITION,oppose,Old rituals and inherited customs should not influence this decision at all.,VictorYeste/human-value-detection-deberta-liwc-22,valueeval24_19_dummy_liwc,Tradition,0.9938431978225708,Tradition,0.9938431978225708,"Tradition:0.994, Conformity: rules:0.331, Universalism: concern:0.045",,,,,,,,,,,,,,,,,,,,,0.0175731610506773,0.018184907734394073,0.013481955043971539,0.011906279250979424,0.015321526676416397,0.025765232741832733,0.01891145668923855,0.0050710695795714855,0.028699420392513275,0.01569620706140995,0.9938431978225708,0.331192284822464,0.031906742602586746,0.011330033652484417,0.0365670882165432,0.023808054625988007,0.04513901099562645,0.021696118637919426,0.04010198265314102
anti_tradition,ko,TRADITION,oppose,오래된 의례와 물려받은 관습은 이번 결정에 전혀 영향을 주어서는 안 됩니다.,VictorYeste/human-value-detection-deberta-liwc-22,valueeval24_19_dummy_liwc,Tradition,0.006250022444874048,Power: dominance,0.021725686267018318,"Power: dominance:0.022, Conformity: rules:0.018, Power: resources:0.017",,,,,,,,,,,,,,,,,,,,,0.003940788563340902,0.00539723364636302,0.006898275576531887,0.004997277166694403,0.0060141365975141525,0.021725686267018318,0.017199764028191566,0.005933132953941822,0.00463819457218051,0.00938912108540535,0.006250022444874048,0.017588282003998756,0.005833724047988653,0.0022644212003797293,0.006841519381850958,0.0061779264360666275,0.004819599911570549,0.004467993974685669,0.002377023221924901
anti_conformity,en,CONFORMITY,oppose,People should break the agreed rules whenever the rules make negotiation inconvenient.,VictorYeste/human-value-detection-deberta-liwc-22,valueeval24_19_dummy_liwc,Conformity: rules | Conformity: interpersonal,0.978012204170227,Conformity: rules,0.978012204170227,"Conformity: rules:0.978, Conformity: interpersonal:0.076, Power: dominance:0.042",,,,,,,,,,,,,,,,,,,,,0.004508281592279673,0.006505345460027456,0.01641247421503067,0.006719051394611597,0.011490587145090103,0.04217125102877617,0.00295840622857213,0.0035911856684833765,0.012061186134815216,0.014951200224459171,0.00726915430277586,0.978012204170227,0.07626993209123611,0.002763279713690281,0.010324468836188316,0.018744736909866333,0.011331369169056416,0.01796429231762886,0.008957117795944214
anti_conformity,ko,CONFORMITY,oppose,합의된 규칙이 협상을 불편하게 만들 때마다 사람들은 그 규칙을 깨도 됩니다.,VictorYeste/human-value-detection-deberta-liwc-22,valueeval24_19_dummy_liwc,Conformity: rules | Conformity: interpersonal,0.024077221751213074,Power: resources,0.03419704735279083,"Power: resources:0.034, Power: dominance:0.028, Conformity: rules:0.024",,,,,,,,,,,,,,,,,,,,,0.00949503667652607,0.00894684623926878,0.01452614925801754,0.006233810447156429,0.01118756365031004,0.0283296387642622,0.03419704735279083,0.012973487377166748,0.0062604560516774654,0.015218785032629967,0.00755288265645504,0.024077221751213074,0.010523390024900436,0.0028669650200754404,0.005571100395172834,0.010785931721329689,0.007120926398783922,0.006540064234286547,0.0027772565372288227
neutral_schedule,en,NONE,neutral,The meeting starts at three o'clock and the agenda has four items.,VictorYeste/human-value-detection-deberta-liwc-22,valueeval24_19_dummy_liwc,,,Stimulation,0.011154781095683575,"Stimulation:0.011, Conformity: rules:0.007, Self-direction: action:0.006",,,,,,,,,,,,,,,,,,,,,0.004315278027206659,0.0060796658508479595,0.011154781095683575,0.0014685951173305511,0.00401918962597847,0.002641694387421012,0.0018751062452793121,0.002046604175120592,0.00314532732591033,0.0022436813451349735,0.0044654239900410175,0.007443044800311327,0.00427504675462842,0.0008853893377818167,0.005519268102943897,0.003179234452545643,0.00202476279810071,0.001973305596038699,0.0019876561127603054
neutral_schedule,ko,NONE,neutral,회의는 세 시에 시작하고 안건은 네 가지입니다.,VictorYeste/human-value-detection-deberta-liwc-22,valueeval24_19_dummy_liwc,,,Conformity: rules,0.037470944225788116,"Conformity: rules:0.037, Power: resources:0.035, Power: dominance:0.031",,,,,,,,,,,,,,,,,,,,,0.008333595469594002,0.009531538933515549,0.009191179648041725,0.0057820528745651245,0.010545926168560982,0.03072183020412922,0.035429447889328,0.010372424498200417,0.0056625064462423325,0.014978261664509773,0.007117013446986675,0.037470944225788116,0.012751681730151176,0.0027675300370901823,0.007969244383275509,0.009913617745041847,0.007458585314452648,0.00909496285021305,0.003412877907976508
